ISO-10303-21;
HEADER;
FILE_DESCRIPTION(('FreeCAD Model'),'2;1');
FILE_NAME('Open CASCADE Shape Model','2025-09-25T05:05:58',(''),(''),
  'Open CASCADE STEP processor 7.8','FreeCAD','Unknown');
FILE_SCHEMA(('AUTOMOTIVE_DESIGN { 1 0 10303 214 1 1 1 1 }'));
ENDSEC;
DATA;
#1 = APPLICATION_PROTOCOL_DEFINITION('international standard',
  'automotive_design',2000,#2);
#2 = APPLICATION_CONTEXT(
  'core data for automotive mechanical design processes');
#3 = SHAPE_DEFINITION_REPRESENTATION(#4,#10);
#4 = PRODUCT_DEFINITION_SHAPE('','',#5);
#5 = PRODUCT_DEFINITION('design','',#6,#9);
#6 = PRODUCT_DEFINITION_FORMATION('','',#7);
#7 = PRODUCT('SOIC_standard','SOIC_standard','',(#8));
#8 = PRODUCT_CONTEXT('',#2,'mechanical');
#9 = PRODUCT_DEFINITION_CONTEXT('part definition',#2,'design');
#10 = SHAPE_REPRESENTATION('',(#11,#15,#19,#23,#27,#31,#35,#39,#43,#47,
    #51,#55,#59,#63,#67,#71,#75,#79,#83,#87,#91,#95,#99,#103,#107,#111,
    #115,#119,#123,#127,#131),#135);
#11 = AXIS2_PLACEMENT_3D('',#12,#13,#14);
#12 = CARTESIAN_POINT('',(0.,0.,0.));
#13 = DIRECTION('',(0.,0.,1.));
#14 = DIRECTION('',(1.,0.,-0.));
#15 = AXIS2_PLACEMENT_3D('',#16,#17,#18);
#16 = CARTESIAN_POINT('',(0.,0.,0.));
#17 = DIRECTION('',(0.,0.,1.));
#18 = DIRECTION('',(1.,0.,0.));
#19 = AXIS2_PLACEMENT_3D('',#20,#21,#22);
#20 = CARTESIAN_POINT('',(0.,0.,0.));
#21 = DIRECTION('',(0.,0.,1.));
#22 = DIRECTION('',(1.,0.,0.));
#23 = AXIS2_PLACEMENT_3D('',#24,#25,#26);
#24 = CARTESIAN_POINT('',(0.,0.,0.));
#25 = DIRECTION('',(0.,0.,1.));
#26 = DIRECTION('',(1.,0.,0.));
#27 = AXIS2_PLACEMENT_3D('',#28,#29,#30);
#28 = CARTESIAN_POINT('',(0.,0.,0.));
#29 = DIRECTION('',(0.,0.,1.));
#30 = DIRECTION('',(1.,0.,0.));
#31 = AXIS2_PLACEMENT_3D('',#32,#33,#34);
#32 = CARTESIAN_POINT('',(0.,0.,0.));
#33 = DIRECTION('',(0.,0.,1.));
#34 = DIRECTION('',(1.,0.,0.));
#35 = AXIS2_PLACEMENT_3D('',#36,#37,#38);
#36 = CARTESIAN_POINT('',(0.,0.,0.));
#37 = DIRECTION('',(0.,-1.,-2.22044604925E-16));
#38 = DIRECTION('',(1.,0.,0.));
#39 = AXIS2_PLACEMENT_3D('',#40,#41,#42);
#40 = CARTESIAN_POINT('',(0.,0.,0.));
#41 = DIRECTION('',(0.,0.,1.));
#42 = DIRECTION('',(1.,0.,0.));
#43 = AXIS2_PLACEMENT_3D('',#44,#45,#46);
#44 = CARTESIAN_POINT('',(0.,0.,0.));
#45 = DIRECTION('',(0.,0.,1.));
#46 = DIRECTION('',(1.,0.,0.));
#47 = AXIS2_PLACEMENT_3D('',#48,#49,#50);
#48 = CARTESIAN_POINT('',(0.,0.,0.));
#49 = DIRECTION('',(0.,0.,1.));
#50 = DIRECTION('',(1.,0.,0.));
#51 = AXIS2_PLACEMENT_3D('',#52,#53,#54);
#52 = CARTESIAN_POINT('',(0.,0.,0.));
#53 = DIRECTION('',(0.,0.,1.));
#54 = DIRECTION('',(1.,0.,0.));
#55 = AXIS2_PLACEMENT_3D('',#56,#57,#58);
#56 = CARTESIAN_POINT('',(0.,0.,0.));
#57 = DIRECTION('',(0.,-1.,-2.22044604925E-16));
#58 = DIRECTION('',(1.,0.,0.));
#59 = AXIS2_PLACEMENT_3D('',#60,#61,#62);
#60 = CARTESIAN_POINT('',(0.,0.,0.));
#61 = DIRECTION('',(0.,-1.,-2.22044604925E-16));
#62 = DIRECTION('',(1.,0.,0.));
#63 = AXIS2_PLACEMENT_3D('',#64,#65,#66);
#64 = CARTESIAN_POINT('',(0.,0.,0.));
#65 = DIRECTION('',(0.,-1.,-2.22044604925E-16));
#66 = DIRECTION('',(1.,0.,0.));
#67 = AXIS2_PLACEMENT_3D('',#68,#69,#70);
#68 = CARTESIAN_POINT('',(0.,0.,0.));
#69 = DIRECTION('',(0.,-1.,-2.22044604925E-16));
#70 = DIRECTION('',(1.,0.,0.));
#71 = AXIS2_PLACEMENT_3D('',#72,#73,#74);
#72 = CARTESIAN_POINT('',(0.,0.,0.));
#73 = DIRECTION('',(0.,0.,1.));
#74 = DIRECTION('',(1.,0.,0.));
#75 = AXIS2_PLACEMENT_3D('',#76,#77,#78);
#76 = CARTESIAN_POINT('',(0.,0.,0.));
#77 = DIRECTION('',(0.,0.,1.));
#78 = DIRECTION('',(1.,0.,0.));
#79 = AXIS2_PLACEMENT_3D('',#80,#81,#82);
#80 = CARTESIAN_POINT('',(0.,0.,0.));
#81 = DIRECTION('',(0.,0.,1.));
#82 = DIRECTION('',(1.,0.,0.));
#83 = AXIS2_PLACEMENT_3D('',#84,#85,#86);
#84 = CARTESIAN_POINT('',(0.,0.,0.));
#85 = DIRECTION('',(0.,0.,1.));
#86 = DIRECTION('',(1.,0.,0.));
#87 = AXIS2_PLACEMENT_3D('',#88,#89,#90);
#88 = CARTESIAN_POINT('',(0.,0.,0.));
#89 = DIRECTION('',(1.,1.232595164408E-32,1.110223024625E-16));
#90 = DIRECTION('',(0.,1.,-1.110223024625E-16));
#91 = AXIS2_PLACEMENT_3D('',#92,#93,#94);
#92 = CARTESIAN_POINT('',(0.,0.,0.));
#93 = DIRECTION('',(1.,1.232595164408E-32,1.110223024625E-16));
#94 = DIRECTION('',(0.,1.,-1.110223024625E-16));
#95 = AXIS2_PLACEMENT_3D('',#96,#97,#98);
#96 = CARTESIAN_POINT('',(0.,0.,0.));
#97 = DIRECTION('',(1.,1.232595164408E-32,1.110223024625E-16));
#98 = DIRECTION('',(0.,1.,-1.110223024625E-16));
#99 = AXIS2_PLACEMENT_3D('',#100,#101,#102);
#100 = CARTESIAN_POINT('',(0.,0.,0.));
#101 = DIRECTION('',(1.,1.232595164408E-32,1.110223024625E-16));
#102 = DIRECTION('',(0.,1.,-1.110223024625E-16));
#103 = AXIS2_PLACEMENT_3D('',#104,#105,#106);
#104 = CARTESIAN_POINT('',(0.,0.,0.));
#105 = DIRECTION('',(1.,1.232595164408E-32,1.110223024625E-16));
#106 = DIRECTION('',(0.,1.,-1.110223024625E-16));
#107 = AXIS2_PLACEMENT_3D('',#108,#109,#110);
#108 = CARTESIAN_POINT('',(0.,0.,0.));
#109 = DIRECTION('',(1.,1.232595164408E-32,1.110223024625E-16));
#110 = DIRECTION('',(0.,1.,-1.110223024625E-16));
#111 = AXIS2_PLACEMENT_3D('',#112,#113,#114);
#112 = CARTESIAN_POINT('',(0.,0.,0.));
#113 = DIRECTION('',(1.,1.232595164408E-32,1.110223024625E-16));
#114 = DIRECTION('',(0.,1.,-1.110223024625E-16));
#115 = AXIS2_PLACEMENT_3D('',#116,#117,#118);
#116 = CARTESIAN_POINT('',(0.,0.,0.));
#117 = DIRECTION('',(1.,1.232595164408E-32,1.110223024625E-16));
#118 = DIRECTION('',(0.,1.,-1.110223024625E-16));
#119 = AXIS2_PLACEMENT_3D('',#120,#121,#122);
#120 = CARTESIAN_POINT('',(0.,0.,0.));
#121 = DIRECTION('',(0.,-1.,1.110223024625E-16));
#122 = DIRECTION('',(0.,1.110223024625E-16,1.));
#123 = AXIS2_PLACEMENT_3D('',#124,#125,#126);
#124 = CARTESIAN_POINT('',(0.,0.,0.));
#125 = DIRECTION('',(0.,-1.,1.110223024625E-16));
#126 = DIRECTION('',(0.,1.110223024625E-16,1.));
#127 = AXIS2_PLACEMENT_3D('',#128,#129,#130);
#128 = CARTESIAN_POINT('',(0.,0.,0.));
#129 = DIRECTION('',(0.,-1.,1.110223024625E-16));
#130 = DIRECTION('',(0.,1.110223024625E-16,1.));
#131 = AXIS2_PLACEMENT_3D('',#132,#133,#134);
#132 = CARTESIAN_POINT('',(0.,0.,0.));
#133 = DIRECTION('',(0.,-1.,1.110223024625E-16));
#134 = DIRECTION('',(0.,1.110223024625E-16,1.));
#135 = ( GEOMETRIC_REPRESENTATION_CONTEXT(3) 
GLOBAL_UNCERTAINTY_ASSIGNED_CONTEXT((#139)) GLOBAL_UNIT_ASSIGNED_CONTEXT
((#136,#137,#138)) REPRESENTATION_CONTEXT('Context #1',
  '3D Context with UNIT and UNCERTAINTY') );
#136 = ( LENGTH_UNIT() NAMED_UNIT(*) SI_UNIT(.MILLI.,.METRE.) );
#137 = ( NAMED_UNIT(*) PLANE_ANGLE_UNIT() SI_UNIT($,.RADIAN.) );
#138 = ( NAMED_UNIT(*) SI_UNIT($,.STERADIAN.) SOLID_ANGLE_UNIT() );
#139 = UNCERTAINTY_MEASURE_WITH_UNIT(LENGTH_MEASURE(2.E-07),#136,
  'distance_accuracy_value','confusion accuracy');
#140 = PRODUCT_RELATED_PRODUCT_CATEGORY('part',$,(#7));
#141 = SHAPE_DEFINITION_REPRESENTATION(#142,#148);
#142 = PRODUCT_DEFINITION_SHAPE('','',#143);
#143 = PRODUCT_DEFINITION('design','',#144,#147);
#144 = PRODUCT_DEFINITION_FORMATION('','',#145);
#145 = PRODUCT('Array','Array','',(#146));
#146 = PRODUCT_CONTEXT('',#2,'mechanical');
#147 = PRODUCT_DEFINITION_CONTEXT('part definition',#2,'design');
#148 = SHAPE_REPRESENTATION('',(#11,#149,#153,#157,#161,#165,#169,#173,
    #177,#181,#185,#189,#193,#197,#201,#205,#209,#213,#217,#221),#225);
#149 = AXIS2_PLACEMENT_3D('',#150,#151,#152);
#150 = CARTESIAN_POINT('',(0.,0.,0.));
#151 = DIRECTION('',(0.,0.,1.));
#152 = DIRECTION('',(1.,0.,0.));
#153 = AXIS2_PLACEMENT_3D('',#154,#155,#156);
#154 = CARTESIAN_POINT('',(0.,0.,-0.5));
#155 = DIRECTION('',(0.,0.,1.));
#156 = DIRECTION('',(1.,0.,0.));
#157 = AXIS2_PLACEMENT_3D('',#158,#159,#160);
#158 = CARTESIAN_POINT('',(0.,0.,-1.));
#159 = DIRECTION('',(0.,0.,1.));
#160 = DIRECTION('',(1.,0.,0.));
#161 = AXIS2_PLACEMENT_3D('',#162,#163,#164);
#162 = CARTESIAN_POINT('',(0.,0.,-1.5));
#163 = DIRECTION('',(0.,0.,1.));
#164 = DIRECTION('',(1.,0.,0.));
#165 = AXIS2_PLACEMENT_3D('',#166,#167,#168);
#166 = CARTESIAN_POINT('',(0.,0.,-2.));
#167 = DIRECTION('',(0.,0.,1.));
#168 = DIRECTION('',(1.,0.,0.));
#169 = AXIS2_PLACEMENT_3D('',#170,#171,#172);
#170 = CARTESIAN_POINT('',(0.,0.,-2.5));
#171 = DIRECTION('',(0.,0.,1.));
#172 = DIRECTION('',(1.,0.,0.));
#173 = AXIS2_PLACEMENT_3D('',#174,#175,#176);
#174 = CARTESIAN_POINT('',(0.,0.,-3.));
#175 = DIRECTION('',(0.,0.,1.));
#176 = DIRECTION('',(1.,0.,0.));
#177 = AXIS2_PLACEMENT_3D('',#178,#179,#180);
#178 = CARTESIAN_POINT('',(0.,0.,-3.5));
#179 = DIRECTION('',(0.,0.,1.));
#180 = DIRECTION('',(1.,0.,0.));
#181 = AXIS2_PLACEMENT_3D('',#182,#183,#184);
#182 = CARTESIAN_POINT('',(0.,0.,-4.));
#183 = DIRECTION('',(0.,0.,1.));
#184 = DIRECTION('',(1.,0.,0.));
#185 = AXIS2_PLACEMENT_3D('',#186,#187,#188);
#186 = CARTESIAN_POINT('',(0.,0.,-4.5));
#187 = DIRECTION('',(0.,0.,1.));
#188 = DIRECTION('',(1.,0.,0.));
#189 = AXIS2_PLACEMENT_3D('',#190,#191,#192);
#190 = CARTESIAN_POINT('',(0.,0.,-5.));
#191 = DIRECTION('',(0.,0.,1.));
#192 = DIRECTION('',(1.,0.,0.));
#193 = AXIS2_PLACEMENT_3D('',#194,#195,#196);
#194 = CARTESIAN_POINT('',(0.,0.,-5.5));
#195 = DIRECTION('',(0.,0.,1.));
#196 = DIRECTION('',(1.,0.,0.));
#197 = AXIS2_PLACEMENT_3D('',#198,#199,#200);
#198 = CARTESIAN_POINT('',(0.,0.,-6.));
#199 = DIRECTION('',(0.,0.,1.));
#200 = DIRECTION('',(1.,0.,0.));
#201 = AXIS2_PLACEMENT_3D('',#202,#203,#204);
#202 = CARTESIAN_POINT('',(0.,0.,-6.5));
#203 = DIRECTION('',(0.,0.,1.));
#204 = DIRECTION('',(1.,0.,0.));
#205 = AXIS2_PLACEMENT_3D('',#206,#207,#208);
#206 = CARTESIAN_POINT('',(0.,0.,-7.));
#207 = DIRECTION('',(0.,0.,1.));
#208 = DIRECTION('',(1.,0.,0.));
#209 = AXIS2_PLACEMENT_3D('',#210,#211,#212);
#210 = CARTESIAN_POINT('',(0.,0.,-7.5));
#211 = DIRECTION('',(0.,0.,1.));
#212 = DIRECTION('',(1.,0.,0.));
#213 = AXIS2_PLACEMENT_3D('',#214,#215,#216);
#214 = CARTESIAN_POINT('',(0.,0.,-8.));
#215 = DIRECTION('',(0.,0.,1.));
#216 = DIRECTION('',(1.,0.,0.));
#217 = AXIS2_PLACEMENT_3D('',#218,#219,#220);
#218 = CARTESIAN_POINT('',(0.,0.,-8.5));
#219 = DIRECTION('',(0.,0.,1.));
#220 = DIRECTION('',(1.,0.,0.));
#221 = AXIS2_PLACEMENT_3D('',#222,#223,#224);
#222 = CARTESIAN_POINT('',(0.,0.,-9.));
#223 = DIRECTION('',(0.,0.,1.));
#224 = DIRECTION('',(1.,0.,0.));
#225 = ( GEOMETRIC_REPRESENTATION_CONTEXT(3) 
GLOBAL_UNCERTAINTY_ASSIGNED_CONTEXT((#229)) GLOBAL_UNIT_ASSIGNED_CONTEXT
((#226,#227,#228)) REPRESENTATION_CONTEXT('Context #1',
  '3D Context with UNIT and UNCERTAINTY') );
#226 = ( LENGTH_UNIT() NAMED_UNIT(*) SI_UNIT(.MILLI.,.METRE.) );
#227 = ( NAMED_UNIT(*) PLANE_ANGLE_UNIT() SI_UNIT($,.RADIAN.) );
#228 = ( NAMED_UNIT(*) SI_UNIT($,.STERADIAN.) SOLID_ANGLE_UNIT() );
#229 = UNCERTAINTY_MEASURE_WITH_UNIT(LENGTH_MEASURE(1.E-07),#226,
  'distance_accuracy_value','confusion accuracy');
#230 = CONTEXT_DEPENDENT_SHAPE_REPRESENTATION(#231,#233);
#231 = ( REPRESENTATION_RELATIONSHIP('','',#148,#10) 
REPRESENTATION_RELATIONSHIP_WITH_TRANSFORMATION(#232) 
SHAPE_REPRESENTATION_RELATIONSHIP() );
#232 = ITEM_DEFINED_TRANSFORMATION('','',#11,#15);
#233 = PRODUCT_DEFINITION_SHAPE('Placement','Placement of an item',#234
  );
#234 = NEXT_ASSEMBLY_USAGE_OCCURRENCE('69296','Array','',#5,#143,$);
#235 = PRODUCT_RELATED_PRODUCT_CATEGORY('part',$,(#145));
#236 = SHAPE_DEFINITION_REPRESENTATION(#237,#243);
#237 = PRODUCT_DEFINITION_SHAPE('','',#238);
#238 = PRODUCT_DEFINITION('design','',#239,#242);
#239 = PRODUCT_DEFINITION_FORMATION('','',#240);
#240 = PRODUCT('Body001 (Mirror #1)','Body001 (Mirror #1)','',(#241));
#241 = PRODUCT_CONTEXT('',#2,'mechanical');
#242 = PRODUCT_DEFINITION_CONTEXT('part definition',#2,'design');
#243 = ADVANCED_BREP_SHAPE_REPRESENTATION('',(#11,#244),#596);
#244 = MANIFOLD_SOLID_BREP('',#245);
#245 = CLOSED_SHELL('',(#246,#286,#317,#350,#381,#412,#443,#474,#507,
    #538,#560,#578));
#246 = ADVANCED_FACE('',(#247),#281,.F.);
#247 = FACE_BOUND('',#248,.T.);
#248 = EDGE_LOOP('',(#249,#259,#267,#275));
#249 = ORIENTED_EDGE('',*,*,#250,.T.);
#250 = EDGE_CURVE('',#251,#253,#255,.T.);
#251 = VERTEX_POINT('',#252);
#252 = CARTESIAN_POINT('',(-2.25,0.48,4.43));
#253 = VERTEX_POINT('',#254);
#254 = CARTESIAN_POINT('',(-2.25,0.48,4.57));
#255 = LINE('',#256,#257);
#256 = CARTESIAN_POINT('',(-2.25,0.48,4.43));
#257 = VECTOR('',#258,1.);
#258 = DIRECTION('',(-0.,-0.,1.));
#259 = ORIENTED_EDGE('',*,*,#260,.T.);
#260 = EDGE_CURVE('',#253,#261,#263,.T.);
#261 = VERTEX_POINT('',#262);
#262 = CARTESIAN_POINT('',(-2.474999999999,0.48,4.57));
#263 = LINE('',#264,#265);
#264 = CARTESIAN_POINT('',(-2.25,0.48,4.57));
#265 = VECTOR('',#266,1.);
#266 = DIRECTION('',(-1.,-0.,-0.));
#267 = ORIENTED_EDGE('',*,*,#268,.F.);
#268 = EDGE_CURVE('',#269,#261,#271,.T.);
#269 = VERTEX_POINT('',#270);
#270 = CARTESIAN_POINT('',(-2.474999999999,0.48,4.43));
#271 = LINE('',#272,#273);
#272 = CARTESIAN_POINT('',(-2.474999999999,0.48,4.43));
#273 = VECTOR('',#274,1.);
#274 = DIRECTION('',(-0.,-0.,1.));
#275 = ORIENTED_EDGE('',*,*,#276,.F.);
#276 = EDGE_CURVE('',#251,#269,#277,.T.);
#277 = LINE('',#278,#279);
#278 = CARTESIAN_POINT('',(-2.25,0.48,4.43));
#279 = VECTOR('',#280,1.);
#280 = DIRECTION('',(-1.,-0.,-0.));
#281 = PLANE('',#282);
#282 = AXIS2_PLACEMENT_3D('',#283,#284,#285);
#283 = CARTESIAN_POINT('',(-2.25,0.48,4.43));
#284 = DIRECTION('',(-0.,1.,-0.));
#285 = DIRECTION('',(1.,0.,0.));
#286 = ADVANCED_FACE('',(#287),#312,.F.);
#287 = FACE_BOUND('',#288,.T.);
#288 = EDGE_LOOP('',(#289,#290,#298,#306));
#289 = ORIENTED_EDGE('',*,*,#268,.T.);
#290 = ORIENTED_EDGE('',*,*,#291,.T.);
#291 = EDGE_CURVE('',#261,#292,#294,.T.);
#292 = VERTEX_POINT('',#293);
#293 = CARTESIAN_POINT('',(-2.474999999999,0.25,4.57));
#294 = LINE('',#295,#296);
#295 = CARTESIAN_POINT('',(-2.474999999999,0.48,4.57));
#296 = VECTOR('',#297,1.);
#297 = DIRECTION('',(-0.,-1.,-0.));
#298 = ORIENTED_EDGE('',*,*,#299,.F.);
#299 = EDGE_CURVE('',#300,#292,#302,.T.);
#300 = VERTEX_POINT('',#301);
#301 = CARTESIAN_POINT('',(-2.474999999999,0.25,4.43));
#302 = LINE('',#303,#304);
#303 = CARTESIAN_POINT('',(-2.474999999999,0.25,4.43));
#304 = VECTOR('',#305,1.);
#305 = DIRECTION('',(-0.,-0.,1.));
#306 = ORIENTED_EDGE('',*,*,#307,.F.);
#307 = EDGE_CURVE('',#269,#300,#308,.T.);
#308 = LINE('',#309,#310);
#309 = CARTESIAN_POINT('',(-2.474999999999,0.48,4.43));
#310 = VECTOR('',#311,1.);
#311 = DIRECTION('',(-0.,-1.,-0.));
#312 = PLANE('',#313);
#313 = AXIS2_PLACEMENT_3D('',#314,#315,#316);
#314 = CARTESIAN_POINT('',(-2.474999999999,0.48,4.43));
#315 = DIRECTION('',(-1.,-0.,-0.));
#316 = DIRECTION('',(0.,1.,0.));
#317 = ADVANCED_FACE('',(#318),#345,.T.);
#318 = FACE_BOUND('',#319,.T.);
#319 = EDGE_LOOP('',(#320,#321,#330,#338));
#320 = ORIENTED_EDGE('',*,*,#299,.T.);
#321 = ORIENTED_EDGE('',*,*,#322,.T.);
#322 = EDGE_CURVE('',#292,#323,#325,.T.);
#323 = VERTEX_POINT('',#324);
#324 = CARTESIAN_POINT('',(-2.725,1.72330724797E-14,4.57));
#325 = CIRCLE('',#326,0.25);
#326 = AXIS2_PLACEMENT_3D('',#327,#328,#329);
#327 = CARTESIAN_POINT('',(-2.724999999999,0.25,4.57));
#328 = DIRECTION('',(0.,0.,-1.));
#329 = DIRECTION('',(-1.,-0.,-0.));
#330 = ORIENTED_EDGE('',*,*,#331,.F.);
#331 = EDGE_CURVE('',#332,#323,#334,.T.);
#332 = VERTEX_POINT('',#333);
#333 = CARTESIAN_POINT('',(-2.725,1.72330724797E-14,4.43));
#334 = LINE('',#335,#336);
#335 = CARTESIAN_POINT('',(-2.725,1.72330724797E-14,4.43));
#336 = VECTOR('',#337,1.);
#337 = DIRECTION('',(-0.,-0.,1.));
#338 = ORIENTED_EDGE('',*,*,#339,.F.);
#339 = EDGE_CURVE('',#300,#332,#340,.T.);
#340 = CIRCLE('',#341,0.25);
#341 = AXIS2_PLACEMENT_3D('',#342,#343,#344);
#342 = CARTESIAN_POINT('',(-2.724999999999,0.25,4.43));
#343 = DIRECTION('',(0.,0.,-1.));
#344 = DIRECTION('',(-1.,-0.,-0.));
#345 = CYLINDRICAL_SURFACE('',#346,0.25);
#346 = AXIS2_PLACEMENT_3D('',#347,#348,#349);
#347 = CARTESIAN_POINT('',(-2.724999999999,0.25,4.43));
#348 = DIRECTION('',(0.,-0.,-1.));
#349 = DIRECTION('',(-1.,-0.,-0.));
#350 = ADVANCED_FACE('',(#351),#376,.F.);
#351 = FACE_BOUND('',#352,.T.);
#352 = EDGE_LOOP('',(#353,#354,#362,#370));
#353 = ORIENTED_EDGE('',*,*,#331,.T.);
#354 = ORIENTED_EDGE('',*,*,#355,.T.);
#355 = EDGE_CURVE('',#323,#356,#358,.T.);
#356 = VERTEX_POINT('',#357);
#357 = CARTESIAN_POINT('',(-3.2,0.,4.57));
#358 = LINE('',#359,#360);
#359 = CARTESIAN_POINT('',(-2.725,-2.182216238909E-14,4.57));
#360 = VECTOR('',#361,1.);
#361 = DIRECTION('',(-1.,4.594139450336E-14,0.));
#362 = ORIENTED_EDGE('',*,*,#363,.F.);
#363 = EDGE_CURVE('',#364,#356,#366,.T.);
#364 = VERTEX_POINT('',#365);
#365 = CARTESIAN_POINT('',(-3.2,0.,4.43));
#366 = LINE('',#367,#368);
#367 = CARTESIAN_POINT('',(-3.2,0.,4.43));
#368 = VECTOR('',#369,1.);
#369 = DIRECTION('',(-0.,-0.,1.));
#370 = ORIENTED_EDGE('',*,*,#371,.F.);
#371 = EDGE_CURVE('',#332,#364,#372,.T.);
#372 = LINE('',#373,#374);
#373 = CARTESIAN_POINT('',(-2.725,-2.182216238909E-14,4.43));
#374 = VECTOR('',#375,1.);
#375 = DIRECTION('',(-1.,4.594139450336E-14,0.));
#376 = PLANE('',#377);
#377 = AXIS2_PLACEMENT_3D('',#378,#379,#380);
#378 = CARTESIAN_POINT('',(-2.725,-2.182216238909E-14,4.43));
#379 = DIRECTION('',(4.594139450336E-14,1.,-0.));
#380 = DIRECTION('',(1.,-4.594139450336E-14,0.));
#381 = ADVANCED_FACE('',(#382),#407,.F.);
#382 = FACE_BOUND('',#383,.T.);
#383 = EDGE_LOOP('',(#384,#385,#393,#401));
#384 = ORIENTED_EDGE('',*,*,#363,.T.);
#385 = ORIENTED_EDGE('',*,*,#386,.T.);
#386 = EDGE_CURVE('',#356,#387,#389,.T.);
#387 = VERTEX_POINT('',#388);
#388 = CARTESIAN_POINT('',(-3.2,0.25,4.57));
#389 = LINE('',#390,#391);
#390 = CARTESIAN_POINT('',(-3.2,0.,4.57));
#391 = VECTOR('',#392,1.);
#392 = DIRECTION('',(0.,1.,0.));
#393 = ORIENTED_EDGE('',*,*,#394,.F.);
#394 = EDGE_CURVE('',#395,#387,#397,.T.);
#395 = VERTEX_POINT('',#396);
#396 = CARTESIAN_POINT('',(-3.2,0.25,4.43));
#397 = LINE('',#398,#399);
#398 = CARTESIAN_POINT('',(-3.2,0.25,4.43));
#399 = VECTOR('',#400,1.);
#400 = DIRECTION('',(-0.,-0.,1.));
#401 = ORIENTED_EDGE('',*,*,#402,.F.);
#402 = EDGE_CURVE('',#364,#395,#403,.T.);
#403 = LINE('',#404,#405);
#404 = CARTESIAN_POINT('',(-3.2,0.,4.43));
#405 = VECTOR('',#406,1.);
#406 = DIRECTION('',(0.,1.,0.));
#407 = PLANE('',#408);
#408 = AXIS2_PLACEMENT_3D('',#409,#410,#411);
#409 = CARTESIAN_POINT('',(-3.2,0.,4.43));
#410 = DIRECTION('',(1.,-0.,-0.));
#411 = DIRECTION('',(0.,-1.,0.));
#412 = ADVANCED_FACE('',(#413),#438,.F.);
#413 = FACE_BOUND('',#414,.T.);
#414 = EDGE_LOOP('',(#415,#416,#424,#432));
#415 = ORIENTED_EDGE('',*,*,#394,.T.);
#416 = ORIENTED_EDGE('',*,*,#417,.T.);
#417 = EDGE_CURVE('',#387,#418,#420,.T.);
#418 = VERTEX_POINT('',#419);
#419 = CARTESIAN_POINT('',(-2.724999999999,0.25,4.57));
#420 = LINE('',#421,#422);
#421 = CARTESIAN_POINT('',(-3.2,0.25,4.57));
#422 = VECTOR('',#423,1.);
#423 = DIRECTION('',(1.,0.,0.));
#424 = ORIENTED_EDGE('',*,*,#425,.F.);
#425 = EDGE_CURVE('',#426,#418,#428,.T.);
#426 = VERTEX_POINT('',#427);
#427 = CARTESIAN_POINT('',(-2.724999999999,0.25,4.43));
#428 = LINE('',#429,#430);
#429 = CARTESIAN_POINT('',(-2.724999999999,0.25,4.43));
#430 = VECTOR('',#431,1.);
#431 = DIRECTION('',(-0.,-0.,1.));
#432 = ORIENTED_EDGE('',*,*,#433,.F.);
#433 = EDGE_CURVE('',#395,#426,#434,.T.);
#434 = LINE('',#435,#436);
#435 = CARTESIAN_POINT('',(-3.2,0.25,4.43));
#436 = VECTOR('',#437,1.);
#437 = DIRECTION('',(1.,0.,0.));
#438 = PLANE('',#439);
#439 = AXIS2_PLACEMENT_3D('',#440,#441,#442);
#440 = CARTESIAN_POINT('',(-3.2,0.25,4.43));
#441 = DIRECTION('',(-0.,-1.,-0.));
#442 = DIRECTION('',(-1.,0.,0.));
#443 = ADVANCED_FACE('',(#444),#469,.F.);
#444 = FACE_BOUND('',#445,.T.);
#445 = EDGE_LOOP('',(#446,#447,#455,#463));
#446 = ORIENTED_EDGE('',*,*,#425,.T.);
#447 = ORIENTED_EDGE('',*,*,#448,.T.);
#448 = EDGE_CURVE('',#418,#449,#451,.T.);
#449 = VERTEX_POINT('',#450);
#450 = CARTESIAN_POINT('',(-2.724999999999,0.48,4.57));
#451 = LINE('',#452,#453);
#452 = CARTESIAN_POINT('',(-2.724999999999,0.25,4.57));
#453 = VECTOR('',#454,1.);
#454 = DIRECTION('',(0.,1.,0.));
#455 = ORIENTED_EDGE('',*,*,#456,.F.);
#456 = EDGE_CURVE('',#457,#449,#459,.T.);
#457 = VERTEX_POINT('',#458);
#458 = CARTESIAN_POINT('',(-2.724999999999,0.48,4.43));
#459 = LINE('',#460,#461);
#460 = CARTESIAN_POINT('',(-2.724999999999,0.48,4.43));
#461 = VECTOR('',#462,1.);
#462 = DIRECTION('',(-0.,-0.,1.));
#463 = ORIENTED_EDGE('',*,*,#464,.F.);
#464 = EDGE_CURVE('',#426,#457,#465,.T.);
#465 = LINE('',#466,#467);
#466 = CARTESIAN_POINT('',(-2.724999999999,0.25,4.43));
#467 = VECTOR('',#468,1.);
#468 = DIRECTION('',(0.,1.,0.));
#469 = PLANE('',#470);
#470 = AXIS2_PLACEMENT_3D('',#471,#472,#473);
#471 = CARTESIAN_POINT('',(-2.724999999999,0.25,4.43));
#472 = DIRECTION('',(1.,-0.,-0.));
#473 = DIRECTION('',(0.,-1.,0.));
#474 = ADVANCED_FACE('',(#475),#502,.T.);
#475 = FACE_BOUND('',#476,.T.);
#476 = EDGE_LOOP('',(#477,#478,#487,#495));
#477 = ORIENTED_EDGE('',*,*,#456,.T.);
#478 = ORIENTED_EDGE('',*,*,#479,.T.);
#479 = EDGE_CURVE('',#449,#480,#482,.T.);
#480 = VERTEX_POINT('',#481);
#481 = CARTESIAN_POINT('',(-2.474999999999,0.73,4.57));
#482 = CIRCLE('',#483,0.25);
#483 = AXIS2_PLACEMENT_3D('',#484,#485,#486);
#484 = CARTESIAN_POINT('',(-2.474999999999,0.48,4.57));
#485 = DIRECTION('',(0.,0.,-1.));
#486 = DIRECTION('',(-1.,-0.,-0.));
#487 = ORIENTED_EDGE('',*,*,#488,.F.);
#488 = EDGE_CURVE('',#489,#480,#491,.T.);
#489 = VERTEX_POINT('',#490);
#490 = CARTESIAN_POINT('',(-2.474999999999,0.73,4.43));
#491 = LINE('',#492,#493);
#492 = CARTESIAN_POINT('',(-2.474999999999,0.73,4.43));
#493 = VECTOR('',#494,1.);
#494 = DIRECTION('',(-0.,-0.,1.));
#495 = ORIENTED_EDGE('',*,*,#496,.F.);
#496 = EDGE_CURVE('',#457,#489,#497,.T.);
#497 = CIRCLE('',#498,0.25);
#498 = AXIS2_PLACEMENT_3D('',#499,#500,#501);
#499 = CARTESIAN_POINT('',(-2.474999999999,0.48,4.43));
#500 = DIRECTION('',(0.,0.,-1.));
#501 = DIRECTION('',(-1.,-0.,-0.));
#502 = CYLINDRICAL_SURFACE('',#503,0.25);
#503 = AXIS2_PLACEMENT_3D('',#504,#505,#506);
#504 = CARTESIAN_POINT('',(-2.474999999999,0.48,4.43));
#505 = DIRECTION('',(0.,-0.,-1.));
#506 = DIRECTION('',(-1.,-0.,-0.));
#507 = ADVANCED_FACE('',(#508),#533,.F.);
#508 = FACE_BOUND('',#509,.T.);
#509 = EDGE_LOOP('',(#510,#511,#519,#527));
#510 = ORIENTED_EDGE('',*,*,#488,.T.);
#511 = ORIENTED_EDGE('',*,*,#512,.T.);
#512 = EDGE_CURVE('',#480,#513,#515,.T.);
#513 = VERTEX_POINT('',#514);
#514 = CARTESIAN_POINT('',(-2.25,0.73,4.57));
#515 = LINE('',#516,#517);
#516 = CARTESIAN_POINT('',(-2.474999999999,0.73,4.57));
#517 = VECTOR('',#518,1.);
#518 = DIRECTION('',(1.,0.,0.));
#519 = ORIENTED_EDGE('',*,*,#520,.F.);
#520 = EDGE_CURVE('',#521,#513,#523,.T.);
#521 = VERTEX_POINT('',#522);
#522 = CARTESIAN_POINT('',(-2.25,0.73,4.43));
#523 = LINE('',#524,#525);
#524 = CARTESIAN_POINT('',(-2.25,0.73,4.43));
#525 = VECTOR('',#526,1.);
#526 = DIRECTION('',(-0.,-0.,1.));
#527 = ORIENTED_EDGE('',*,*,#528,.F.);
#528 = EDGE_CURVE('',#489,#521,#529,.T.);
#529 = LINE('',#530,#531);
#530 = CARTESIAN_POINT('',(-2.474999999999,0.73,4.43));
#531 = VECTOR('',#532,1.);
#532 = DIRECTION('',(1.,0.,0.));
#533 = PLANE('',#534);
#534 = AXIS2_PLACEMENT_3D('',#535,#536,#537);
#535 = CARTESIAN_POINT('',(-2.474999999999,0.73,4.43));
#536 = DIRECTION('',(-0.,-1.,-0.));
#537 = DIRECTION('',(-1.,0.,0.));
#538 = ADVANCED_FACE('',(#539),#555,.F.);
#539 = FACE_BOUND('',#540,.T.);
#540 = EDGE_LOOP('',(#541,#542,#548,#549));
#541 = ORIENTED_EDGE('',*,*,#520,.T.);
#542 = ORIENTED_EDGE('',*,*,#543,.T.);
#543 = EDGE_CURVE('',#513,#253,#544,.T.);
#544 = LINE('',#545,#546);
#545 = CARTESIAN_POINT('',(-2.25,0.73,4.57));
#546 = VECTOR('',#547,1.);
#547 = DIRECTION('',(-0.,-1.,-0.));
#548 = ORIENTED_EDGE('',*,*,#250,.F.);
#549 = ORIENTED_EDGE('',*,*,#550,.F.);
#550 = EDGE_CURVE('',#521,#251,#551,.T.);
#551 = LINE('',#552,#553);
#552 = CARTESIAN_POINT('',(-2.25,0.73,4.43));
#553 = VECTOR('',#554,1.);
#554 = DIRECTION('',(-0.,-1.,-0.));
#555 = PLANE('',#556);
#556 = AXIS2_PLACEMENT_3D('',#557,#558,#559);
#557 = CARTESIAN_POINT('',(-2.25,0.73,4.43));
#558 = DIRECTION('',(-1.,-0.,-0.));
#559 = DIRECTION('',(0.,1.,0.));
#560 = ADVANCED_FACE('',(#561),#573,.F.);
#561 = FACE_BOUND('',#562,.T.);
#562 = EDGE_LOOP('',(#563,#564,#565,#566,#567,#568,#569,#570,#571,#572)
  );
#563 = ORIENTED_EDGE('',*,*,#276,.T.);
#564 = ORIENTED_EDGE('',*,*,#307,.T.);
#565 = ORIENTED_EDGE('',*,*,#339,.T.);
#566 = ORIENTED_EDGE('',*,*,#371,.T.);
#567 = ORIENTED_EDGE('',*,*,#402,.T.);
#568 = ORIENTED_EDGE('',*,*,#433,.T.);
#569 = ORIENTED_EDGE('',*,*,#464,.T.);
#570 = ORIENTED_EDGE('',*,*,#496,.T.);
#571 = ORIENTED_EDGE('',*,*,#528,.T.);
#572 = ORIENTED_EDGE('',*,*,#550,.T.);
#573 = PLANE('',#574);
#574 = AXIS2_PLACEMENT_3D('',#575,#576,#577);
#575 = CARTESIAN_POINT('',(-2.695649322486,0.326740271005,4.43));
#576 = DIRECTION('',(0.,0.,1.));
#577 = DIRECTION('',(1.,0.,0.));
#578 = ADVANCED_FACE('',(#579),#591,.T.);
#579 = FACE_BOUND('',#580,.F.);
#580 = EDGE_LOOP('',(#581,#582,#583,#584,#585,#586,#587,#588,#589,#590)
  );
#581 = ORIENTED_EDGE('',*,*,#260,.T.);
#582 = ORIENTED_EDGE('',*,*,#291,.T.);
#583 = ORIENTED_EDGE('',*,*,#322,.T.);
#584 = ORIENTED_EDGE('',*,*,#355,.T.);
#585 = ORIENTED_EDGE('',*,*,#386,.T.);
#586 = ORIENTED_EDGE('',*,*,#417,.T.);
#587 = ORIENTED_EDGE('',*,*,#448,.T.);
#588 = ORIENTED_EDGE('',*,*,#479,.T.);
#589 = ORIENTED_EDGE('',*,*,#512,.T.);
#590 = ORIENTED_EDGE('',*,*,#543,.T.);
#591 = PLANE('',#592);
#592 = AXIS2_PLACEMENT_3D('',#593,#594,#595);
#593 = CARTESIAN_POINT('',(-2.695649322486,0.326740271005,4.57));
#594 = DIRECTION('',(0.,0.,1.));
#595 = DIRECTION('',(1.,0.,0.));
#596 = ( GEOMETRIC_REPRESENTATION_CONTEXT(3) 
GLOBAL_UNCERTAINTY_ASSIGNED_CONTEXT((#600)) GLOBAL_UNIT_ASSIGNED_CONTEXT
((#597,#598,#599)) REPRESENTATION_CONTEXT('Context #1',
  '3D Context with UNIT and UNCERTAINTY') );
#597 = ( LENGTH_UNIT() NAMED_UNIT(*) SI_UNIT(.MILLI.,.METRE.) );
#598 = ( NAMED_UNIT(*) PLANE_ANGLE_UNIT() SI_UNIT($,.RADIAN.) );
#599 = ( NAMED_UNIT(*) SI_UNIT($,.STERADIAN.) SOLID_ANGLE_UNIT() );
#600 = UNCERTAINTY_MEASURE_WITH_UNIT(LENGTH_MEASURE(1.E-07),#597,
  'distance_accuracy_value','confusion accuracy');
#601 = CONTEXT_DEPENDENT_SHAPE_REPRESENTATION(#602,#604);
#602 = ( REPRESENTATION_RELATIONSHIP('','',#243,#148) 
REPRESENTATION_RELATIONSHIP_WITH_TRANSFORMATION(#603) 
SHAPE_REPRESENTATION_RELATIONSHIP() );
#603 = ITEM_DEFINED_TRANSFORMATION('','',#11,#149);
#604 = PRODUCT_DEFINITION_SHAPE('Placement','Placement of an item',#605
  );
#605 = NEXT_ASSEMBLY_USAGE_OCCURRENCE('69277','0','',#143,#238,$);
#606 = PRODUCT_RELATED_PRODUCT_CATEGORY('part',$,(#240));
#607 = CONTEXT_DEPENDENT_SHAPE_REPRESENTATION(#608,#610);
#608 = ( REPRESENTATION_RELATIONSHIP('','',#243,#148) 
REPRESENTATION_RELATIONSHIP_WITH_TRANSFORMATION(#609) 
SHAPE_REPRESENTATION_RELATIONSHIP() );
#609 = ITEM_DEFINED_TRANSFORMATION('','',#11,#153);
#610 = PRODUCT_DEFINITION_SHAPE('Placement','Placement of an item',#611
  );
#611 = NEXT_ASSEMBLY_USAGE_OCCURRENCE('69278','1','',#143,#238,$);
#612 = CONTEXT_DEPENDENT_SHAPE_REPRESENTATION(#613,#615);
#613 = ( REPRESENTATION_RELATIONSHIP('','',#243,#148) 
REPRESENTATION_RELATIONSHIP_WITH_TRANSFORMATION(#614) 
SHAPE_REPRESENTATION_RELATIONSHIP() );
#614 = ITEM_DEFINED_TRANSFORMATION('','',#11,#157);
#615 = PRODUCT_DEFINITION_SHAPE('Placement','Placement of an item',#616
  );
#616 = NEXT_ASSEMBLY_USAGE_OCCURRENCE('69279','2','',#143,#238,$);
#617 = CONTEXT_DEPENDENT_SHAPE_REPRESENTATION(#618,#620);
#618 = ( REPRESENTATION_RELATIONSHIP('','',#243,#148) 
REPRESENTATION_RELATIONSHIP_WITH_TRANSFORMATION(#619) 
SHAPE_REPRESENTATION_RELATIONSHIP() );
#619 = ITEM_DEFINED_TRANSFORMATION('','',#11,#161);
#620 = PRODUCT_DEFINITION_SHAPE('Placement','Placement of an item',#621
  );
#621 = NEXT_ASSEMBLY_USAGE_OCCURRENCE('69280','3','',#143,#238,$);
#622 = CONTEXT_DEPENDENT_SHAPE_REPRESENTATION(#623,#625);
#623 = ( REPRESENTATION_RELATIONSHIP('','',#243,#148) 
REPRESENTATION_RELATIONSHIP_WITH_TRANSFORMATION(#624) 
SHAPE_REPRESENTATION_RELATIONSHIP() );
#624 = ITEM_DEFINED_TRANSFORMATION('','',#11,#165);
#625 = PRODUCT_DEFINITION_SHAPE('Placement','Placement of an item',#626
  );
#626 = NEXT_ASSEMBLY_USAGE_OCCURRENCE('69281','4','',#143,#238,$);
#627 = CONTEXT_DEPENDENT_SHAPE_REPRESENTATION(#628,#630);
#628 = ( REPRESENTATION_RELATIONSHIP('','',#243,#148) 
REPRESENTATION_RELATIONSHIP_WITH_TRANSFORMATION(#629) 
SHAPE_REPRESENTATION_RELATIONSHIP() );
#629 = ITEM_DEFINED_TRANSFORMATION('','',#11,#169);
#630 = PRODUCT_DEFINITION_SHAPE('Placement','Placement of an item',#631
  );
#631 = NEXT_ASSEMBLY_USAGE_OCCURRENCE('69282','5','',#143,#238,$);
#632 = CONTEXT_DEPENDENT_SHAPE_REPRESENTATION(#633,#635);
#633 = ( REPRESENTATION_RELATIONSHIP('','',#243,#148) 
REPRESENTATION_RELATIONSHIP_WITH_TRANSFORMATION(#634) 
SHAPE_REPRESENTATION_RELATIONSHIP() );
#634 = ITEM_DEFINED_TRANSFORMATION('','',#11,#173);
#635 = PRODUCT_DEFINITION_SHAPE('Placement','Placement of an item',#636
  );
#636 = NEXT_ASSEMBLY_USAGE_OCCURRENCE('69283','6','',#143,#238,$);
#637 = CONTEXT_DEPENDENT_SHAPE_REPRESENTATION(#638,#640);
#638 = ( REPRESENTATION_RELATIONSHIP('','',#243,#148) 
REPRESENTATION_RELATIONSHIP_WITH_TRANSFORMATION(#639) 
SHAPE_REPRESENTATION_RELATIONSHIP() );
#639 = ITEM_DEFINED_TRANSFORMATION('','',#11,#177);
#640 = PRODUCT_DEFINITION_SHAPE('Placement','Placement of an item',#641
  );
#641 = NEXT_ASSEMBLY_USAGE_OCCURRENCE('69284','7','',#143,#238,$);
#642 = CONTEXT_DEPENDENT_SHAPE_REPRESENTATION(#643,#645);
#643 = ( REPRESENTATION_RELATIONSHIP('','',#243,#148) 
REPRESENTATION_RELATIONSHIP_WITH_TRANSFORMATION(#644) 
SHAPE_REPRESENTATION_RELATIONSHIP() );
#644 = ITEM_DEFINED_TRANSFORMATION('','',#11,#181);
#645 = PRODUCT_DEFINITION_SHAPE('Placement','Placement of an item',#646
  );
#646 = NEXT_ASSEMBLY_USAGE_OCCURRENCE('69285','8','',#143,#238,$);
#647 = CONTEXT_DEPENDENT_SHAPE_REPRESENTATION(#648,#650);
#648 = ( REPRESENTATION_RELATIONSHIP('','',#243,#148) 
REPRESENTATION_RELATIONSHIP_WITH_TRANSFORMATION(#649) 
SHAPE_REPRESENTATION_RELATIONSHIP() );
#649 = ITEM_DEFINED_TRANSFORMATION('','',#11,#185);
#650 = PRODUCT_DEFINITION_SHAPE('Placement','Placement of an item',#651
  );
#651 = NEXT_ASSEMBLY_USAGE_OCCURRENCE('69286','9','',#143,#238,$);
#652 = CONTEXT_DEPENDENT_SHAPE_REPRESENTATION(#653,#655);
#653 = ( REPRESENTATION_RELATIONSHIP('','',#243,#148) 
REPRESENTATION_RELATIONSHIP_WITH_TRANSFORMATION(#654) 
SHAPE_REPRESENTATION_RELATIONSHIP() );
#654 = ITEM_DEFINED_TRANSFORMATION('','',#11,#189);
#655 = PRODUCT_DEFINITION_SHAPE('Placement','Placement of an item',#656
  );
#656 = NEXT_ASSEMBLY_USAGE_OCCURRENCE('69287','10','',#143,#238,$);
#657 = CONTEXT_DEPENDENT_SHAPE_REPRESENTATION(#658,#660);
#658 = ( REPRESENTATION_RELATIONSHIP('','',#243,#148) 
REPRESENTATION_RELATIONSHIP_WITH_TRANSFORMATION(#659) 
SHAPE_REPRESENTATION_RELATIONSHIP() );
#659 = ITEM_DEFINED_TRANSFORMATION('','',#11,#193);
#660 = PRODUCT_DEFINITION_SHAPE('Placement','Placement of an item',#661
  );
#661 = NEXT_ASSEMBLY_USAGE_OCCURRENCE('69288','11','',#143,#238,$);
#662 = CONTEXT_DEPENDENT_SHAPE_REPRESENTATION(#663,#665);
#663 = ( REPRESENTATION_RELATIONSHIP('','',#243,#148) 
REPRESENTATION_RELATIONSHIP_WITH_TRANSFORMATION(#664) 
SHAPE_REPRESENTATION_RELATIONSHIP() );
#664 = ITEM_DEFINED_TRANSFORMATION('','',#11,#197);
#665 = PRODUCT_DEFINITION_SHAPE('Placement','Placement of an item',#666
  );
#666 = NEXT_ASSEMBLY_USAGE_OCCURRENCE('69289','12','',#143,#238,$);
#667 = CONTEXT_DEPENDENT_SHAPE_REPRESENTATION(#668,#670);
#668 = ( REPRESENTATION_RELATIONSHIP('','',#243,#148) 
REPRESENTATION_RELATIONSHIP_WITH_TRANSFORMATION(#669) 
SHAPE_REPRESENTATION_RELATIONSHIP() );
#669 = ITEM_DEFINED_TRANSFORMATION('','',#11,#201);
#670 = PRODUCT_DEFINITION_SHAPE('Placement','Placement of an item',#671
  );
#671 = NEXT_ASSEMBLY_USAGE_OCCURRENCE('69290','13','',#143,#238,$);
#672 = CONTEXT_DEPENDENT_SHAPE_REPRESENTATION(#673,#675);
#673 = ( REPRESENTATION_RELATIONSHIP('','',#243,#148) 
REPRESENTATION_RELATIONSHIP_WITH_TRANSFORMATION(#674) 
SHAPE_REPRESENTATION_RELATIONSHIP() );
#674 = ITEM_DEFINED_TRANSFORMATION('','',#11,#205);
#675 = PRODUCT_DEFINITION_SHAPE('Placement','Placement of an item',#676
  );
#676 = NEXT_ASSEMBLY_USAGE_OCCURRENCE('69291','14','',#143,#238,$);
#677 = CONTEXT_DEPENDENT_SHAPE_REPRESENTATION(#678,#680);
#678 = ( REPRESENTATION_RELATIONSHIP('','',#243,#148) 
REPRESENTATION_RELATIONSHIP_WITH_TRANSFORMATION(#679) 
SHAPE_REPRESENTATION_RELATIONSHIP() );
#679 = ITEM_DEFINED_TRANSFORMATION('','',#11,#209);
#680 = PRODUCT_DEFINITION_SHAPE('Placement','Placement of an item',#681
  );
#681 = NEXT_ASSEMBLY_USAGE_OCCURRENCE('69292','15','',#143,#238,$);
#682 = CONTEXT_DEPENDENT_SHAPE_REPRESENTATION(#683,#685);
#683 = ( REPRESENTATION_RELATIONSHIP('','',#243,#148) 
REPRESENTATION_RELATIONSHIP_WITH_TRANSFORMATION(#684) 
SHAPE_REPRESENTATION_RELATIONSHIP() );
#684 = ITEM_DEFINED_TRANSFORMATION('','',#11,#213);
#685 = PRODUCT_DEFINITION_SHAPE('Placement','Placement of an item',#686
  );
#686 = NEXT_ASSEMBLY_USAGE_OCCURRENCE('69293','16','',#143,#238,$);
#687 = CONTEXT_DEPENDENT_SHAPE_REPRESENTATION(#688,#690);
#688 = ( REPRESENTATION_RELATIONSHIP('','',#243,#148) 
REPRESENTATION_RELATIONSHIP_WITH_TRANSFORMATION(#689) 
SHAPE_REPRESENTATION_RELATIONSHIP() );
#689 = ITEM_DEFINED_TRANSFORMATION('','',#11,#217);
#690 = PRODUCT_DEFINITION_SHAPE('Placement','Placement of an item',#691
  );
#691 = NEXT_ASSEMBLY_USAGE_OCCURRENCE('69294','17','',#143,#238,$);
#692 = CONTEXT_DEPENDENT_SHAPE_REPRESENTATION(#693,#695);
#693 = ( REPRESENTATION_RELATIONSHIP('','',#243,#148) 
REPRESENTATION_RELATIONSHIP_WITH_TRANSFORMATION(#694) 
SHAPE_REPRESENTATION_RELATIONSHIP() );
#694 = ITEM_DEFINED_TRANSFORMATION('','',#11,#221);
#695 = PRODUCT_DEFINITION_SHAPE('Placement','Placement of an item',#696
  );
#696 = NEXT_ASSEMBLY_USAGE_OCCURRENCE('69295','18','',#143,#238,$);
#697 = SHAPE_DEFINITION_REPRESENTATION(#698,#704);
#698 = PRODUCT_DEFINITION_SHAPE('','',#699);
#699 = PRODUCT_DEFINITION('design','',#700,#703);
#700 = PRODUCT_DEFINITION_FORMATION('','',#701);
#701 = PRODUCT('Array001','Array001','',(#702));
#702 = PRODUCT_CONTEXT('',#2,'mechanical');
#703 = PRODUCT_DEFINITION_CONTEXT('part definition',#2,'design');
#704 = SHAPE_REPRESENTATION('',(#11,#705,#709,#713,#717,#721,#725,#729,
    #733,#737,#741,#745,#749,#753,#757,#761,#765,#769,#773,#777),#781);
#705 = AXIS2_PLACEMENT_3D('',#706,#707,#708);
#706 = CARTESIAN_POINT('',(0.,0.,4.5));
#707 = DIRECTION('',(0.,0.,1.));
#708 = DIRECTION('',(1.,0.,0.));
#709 = AXIS2_PLACEMENT_3D('',#710,#711,#712);
#710 = CARTESIAN_POINT('',(0.,0.,4.));
#711 = DIRECTION('',(0.,0.,1.));
#712 = DIRECTION('',(1.,0.,0.));
#713 = AXIS2_PLACEMENT_3D('',#714,#715,#716);
#714 = CARTESIAN_POINT('',(0.,0.,3.5));
#715 = DIRECTION('',(0.,0.,1.));
#716 = DIRECTION('',(1.,0.,0.));
#717 = AXIS2_PLACEMENT_3D('',#718,#719,#720);
#718 = CARTESIAN_POINT('',(0.,0.,3.));
#719 = DIRECTION('',(0.,0.,1.));
#720 = DIRECTION('',(1.,0.,0.));
#721 = AXIS2_PLACEMENT_3D('',#722,#723,#724);
#722 = CARTESIAN_POINT('',(0.,0.,2.5));
#723 = DIRECTION('',(0.,0.,1.));
#724 = DIRECTION('',(1.,0.,0.));
#725 = AXIS2_PLACEMENT_3D('',#726,#727,#728);
#726 = CARTESIAN_POINT('',(0.,0.,2.));
#727 = DIRECTION('',(0.,0.,1.));
#728 = DIRECTION('',(1.,0.,0.));
#729 = AXIS2_PLACEMENT_3D('',#730,#731,#732);
#730 = CARTESIAN_POINT('',(0.,0.,1.5));
#731 = DIRECTION('',(0.,0.,1.));
#732 = DIRECTION('',(1.,0.,0.));
#733 = AXIS2_PLACEMENT_3D('',#734,#735,#736);
#734 = CARTESIAN_POINT('',(0.,0.,1.));
#735 = DIRECTION('',(0.,0.,1.));
#736 = DIRECTION('',(1.,0.,0.));
#737 = AXIS2_PLACEMENT_3D('',#738,#739,#740);
#738 = CARTESIAN_POINT('',(0.,0.,0.5));
#739 = DIRECTION('',(0.,0.,1.));
#740 = DIRECTION('',(1.,0.,0.));
#741 = AXIS2_PLACEMENT_3D('',#742,#743,#744);
#742 = CARTESIAN_POINT('',(0.,0.,0.));
#743 = DIRECTION('',(0.,0.,1.));
#744 = DIRECTION('',(1.,0.,0.));
#745 = AXIS2_PLACEMENT_3D('',#746,#747,#748);
#746 = CARTESIAN_POINT('',(0.,0.,-0.5));
#747 = DIRECTION('',(0.,0.,1.));
#748 = DIRECTION('',(1.,0.,0.));
#749 = AXIS2_PLACEMENT_3D('',#750,#751,#752);
#750 = CARTESIAN_POINT('',(0.,0.,-1.));
#751 = DIRECTION('',(0.,0.,1.));
#752 = DIRECTION('',(1.,0.,0.));
#753 = AXIS2_PLACEMENT_3D('',#754,#755,#756);
#754 = CARTESIAN_POINT('',(0.,0.,-1.5));
#755 = DIRECTION('',(0.,0.,1.));
#756 = DIRECTION('',(1.,0.,0.));
#757 = AXIS2_PLACEMENT_3D('',#758,#759,#760);
#758 = CARTESIAN_POINT('',(0.,0.,-2.));
#759 = DIRECTION('',(0.,0.,1.));
#760 = DIRECTION('',(1.,0.,0.));
#761 = AXIS2_PLACEMENT_3D('',#762,#763,#764);
#762 = CARTESIAN_POINT('',(0.,0.,-2.5));
#763 = DIRECTION('',(0.,0.,1.));
#764 = DIRECTION('',(1.,0.,0.));
#765 = AXIS2_PLACEMENT_3D('',#766,#767,#768);
#766 = CARTESIAN_POINT('',(0.,0.,-3.));
#767 = DIRECTION('',(0.,0.,1.));
#768 = DIRECTION('',(1.,0.,0.));
#769 = AXIS2_PLACEMENT_3D('',#770,#771,#772);
#770 = CARTESIAN_POINT('',(0.,0.,-3.5));
#771 = DIRECTION('',(0.,0.,1.));
#772 = DIRECTION('',(1.,0.,0.));
#773 = AXIS2_PLACEMENT_3D('',#774,#775,#776);
#774 = CARTESIAN_POINT('',(0.,0.,-4.));
#775 = DIRECTION('',(0.,0.,1.));
#776 = DIRECTION('',(1.,0.,0.));
#777 = AXIS2_PLACEMENT_3D('',#778,#779,#780);
#778 = CARTESIAN_POINT('',(0.,0.,-4.5));
#779 = DIRECTION('',(0.,0.,1.));
#780 = DIRECTION('',(1.,0.,0.));
#781 = ( GEOMETRIC_REPRESENTATION_CONTEXT(3) 
GLOBAL_UNCERTAINTY_ASSIGNED_CONTEXT((#785)) GLOBAL_UNIT_ASSIGNED_CONTEXT
((#782,#783,#784)) REPRESENTATION_CONTEXT('Context #1',
  '3D Context with UNIT and UNCERTAINTY') );
#782 = ( LENGTH_UNIT() NAMED_UNIT(*) SI_UNIT(.MILLI.,.METRE.) );
#783 = ( NAMED_UNIT(*) PLANE_ANGLE_UNIT() SI_UNIT($,.RADIAN.) );
#784 = ( NAMED_UNIT(*) SI_UNIT($,.STERADIAN.) SOLID_ANGLE_UNIT() );
#785 = UNCERTAINTY_MEASURE_WITH_UNIT(LENGTH_MEASURE(1.E-07),#782,
  'distance_accuracy_value','confusion accuracy');
#786 = CONTEXT_DEPENDENT_SHAPE_REPRESENTATION(#787,#789);
#787 = ( REPRESENTATION_RELATIONSHIP('','',#704,#10) 
REPRESENTATION_RELATIONSHIP_WITH_TRANSFORMATION(#788) 
SHAPE_REPRESENTATION_RELATIONSHIP() );
#788 = ITEM_DEFINED_TRANSFORMATION('','',#11,#19);
#789 = PRODUCT_DEFINITION_SHAPE('Placement','Placement of an item',#790
  );
#790 = NEXT_ASSEMBLY_USAGE_OCCURRENCE('69316','Array001','',#5,#699,$);
#791 = PRODUCT_RELATED_PRODUCT_CATEGORY('part',$,(#701));
#792 = SHAPE_DEFINITION_REPRESENTATION(#793,#799);
#793 = PRODUCT_DEFINITION_SHAPE('','',#794);
#794 = PRODUCT_DEFINITION('design','',#795,#798);
#795 = PRODUCT_DEFINITION_FORMATION('','',#796);
#796 = PRODUCT('Body001','Body001','',(#797));
#797 = PRODUCT_CONTEXT('',#2,'mechanical');
#798 = PRODUCT_DEFINITION_CONTEXT('part definition',#2,'design');
#799 = ADVANCED_BREP_SHAPE_REPRESENTATION('',(#11,#800),#1152);
#800 = MANIFOLD_SOLID_BREP('',#801);
#801 = CLOSED_SHELL('',(#802,#842,#873,#906,#937,#968,#999,#1030,#1063,
    #1094,#1116,#1134));
#802 = ADVANCED_FACE('',(#803),#837,.F.);
#803 = FACE_BOUND('',#804,.F.);
#804 = EDGE_LOOP('',(#805,#815,#823,#831));
#805 = ORIENTED_EDGE('',*,*,#806,.T.);
#806 = EDGE_CURVE('',#807,#809,#811,.T.);
#807 = VERTEX_POINT('',#808);
#808 = CARTESIAN_POINT('',(2.25,0.48,-7.E-02));
#809 = VERTEX_POINT('',#810);
#810 = CARTESIAN_POINT('',(2.25,0.48,7.E-02));
#811 = LINE('',#812,#813);
#812 = CARTESIAN_POINT('',(2.25,0.48,-7.E-02));
#813 = VECTOR('',#814,1.);
#814 = DIRECTION('',(0.,0.,1.));
#815 = ORIENTED_EDGE('',*,*,#816,.T.);
#816 = EDGE_CURVE('',#809,#817,#819,.T.);
#817 = VERTEX_POINT('',#818);
#818 = CARTESIAN_POINT('',(2.474999999999,0.48,7.E-02));
#819 = LINE('',#820,#821);
#820 = CARTESIAN_POINT('',(2.25,0.48,7.E-02));
#821 = VECTOR('',#822,1.);
#822 = DIRECTION('',(1.,0.,0.));
#823 = ORIENTED_EDGE('',*,*,#824,.F.);
#824 = EDGE_CURVE('',#825,#817,#827,.T.);
#825 = VERTEX_POINT('',#826);
#826 = CARTESIAN_POINT('',(2.474999999999,0.48,-7.E-02));
#827 = LINE('',#828,#829);
#828 = CARTESIAN_POINT('',(2.474999999999,0.48,-7.E-02));
#829 = VECTOR('',#830,1.);
#830 = DIRECTION('',(0.,0.,1.));
#831 = ORIENTED_EDGE('',*,*,#832,.F.);
#832 = EDGE_CURVE('',#807,#825,#833,.T.);
#833 = LINE('',#834,#835);
#834 = CARTESIAN_POINT('',(2.25,0.48,-7.E-02));
#835 = VECTOR('',#836,1.);
#836 = DIRECTION('',(1.,0.,0.));
#837 = PLANE('',#838);
#838 = AXIS2_PLACEMENT_3D('',#839,#840,#841);
#839 = CARTESIAN_POINT('',(2.25,0.48,-7.E-02));
#840 = DIRECTION('',(0.,1.,0.));
#841 = DIRECTION('',(1.,0.,0.));
#842 = ADVANCED_FACE('',(#843),#868,.F.);
#843 = FACE_BOUND('',#844,.F.);
#844 = EDGE_LOOP('',(#845,#846,#854,#862));
#845 = ORIENTED_EDGE('',*,*,#824,.T.);
#846 = ORIENTED_EDGE('',*,*,#847,.T.);
#847 = EDGE_CURVE('',#817,#848,#850,.T.);
#848 = VERTEX_POINT('',#849);
#849 = CARTESIAN_POINT('',(2.474999999999,0.25,7.E-02));
#850 = LINE('',#851,#852);
#851 = CARTESIAN_POINT('',(2.474999999999,0.48,7.E-02));
#852 = VECTOR('',#853,1.);
#853 = DIRECTION('',(0.,-1.,0.));
#854 = ORIENTED_EDGE('',*,*,#855,.F.);
#855 = EDGE_CURVE('',#856,#848,#858,.T.);
#856 = VERTEX_POINT('',#857);
#857 = CARTESIAN_POINT('',(2.474999999999,0.25,-7.E-02));
#858 = LINE('',#859,#860);
#859 = CARTESIAN_POINT('',(2.474999999999,0.25,-7.E-02));
#860 = VECTOR('',#861,1.);
#861 = DIRECTION('',(0.,0.,1.));
#862 = ORIENTED_EDGE('',*,*,#863,.F.);
#863 = EDGE_CURVE('',#825,#856,#864,.T.);
#864 = LINE('',#865,#866);
#865 = CARTESIAN_POINT('',(2.474999999999,0.48,-7.E-02));
#866 = VECTOR('',#867,1.);
#867 = DIRECTION('',(0.,-1.,0.));
#868 = PLANE('',#869);
#869 = AXIS2_PLACEMENT_3D('',#870,#871,#872);
#870 = CARTESIAN_POINT('',(2.474999999999,0.48,-7.E-02));
#871 = DIRECTION('',(1.,0.,0.));
#872 = DIRECTION('',(0.,-1.,0.));
#873 = ADVANCED_FACE('',(#874),#901,.T.);
#874 = FACE_BOUND('',#875,.F.);
#875 = EDGE_LOOP('',(#876,#877,#886,#894));
#876 = ORIENTED_EDGE('',*,*,#855,.T.);
#877 = ORIENTED_EDGE('',*,*,#878,.T.);
#878 = EDGE_CURVE('',#848,#879,#881,.T.);
#879 = VERTEX_POINT('',#880);
#880 = CARTESIAN_POINT('',(2.725,1.72330724797E-14,7.E-02));
#881 = CIRCLE('',#882,0.25);
#882 = AXIS2_PLACEMENT_3D('',#883,#884,#885);
#883 = CARTESIAN_POINT('',(2.724999999999,0.25,7.E-02));
#884 = DIRECTION('',(0.,0.,1.));
#885 = DIRECTION('',(1.,0.,0.));
#886 = ORIENTED_EDGE('',*,*,#887,.F.);
#887 = EDGE_CURVE('',#888,#879,#890,.T.);
#888 = VERTEX_POINT('',#889);
#889 = CARTESIAN_POINT('',(2.725,1.72330724797E-14,-7.E-02));
#890 = LINE('',#891,#892);
#891 = CARTESIAN_POINT('',(2.725,1.72330724797E-14,-7.E-02));
#892 = VECTOR('',#893,1.);
#893 = DIRECTION('',(0.,0.,1.));
#894 = ORIENTED_EDGE('',*,*,#895,.F.);
#895 = EDGE_CURVE('',#856,#888,#896,.T.);
#896 = CIRCLE('',#897,0.25);
#897 = AXIS2_PLACEMENT_3D('',#898,#899,#900);
#898 = CARTESIAN_POINT('',(2.724999999999,0.25,-7.E-02));
#899 = DIRECTION('',(0.,0.,1.));
#900 = DIRECTION('',(1.,0.,0.));
#901 = CYLINDRICAL_SURFACE('',#902,0.25);
#902 = AXIS2_PLACEMENT_3D('',#903,#904,#905);
#903 = CARTESIAN_POINT('',(2.724999999999,0.25,-7.E-02));
#904 = DIRECTION('',(-0.,-0.,-1.));
#905 = DIRECTION('',(1.,0.,0.));
#906 = ADVANCED_FACE('',(#907),#932,.F.);
#907 = FACE_BOUND('',#908,.F.);
#908 = EDGE_LOOP('',(#909,#910,#918,#926));
#909 = ORIENTED_EDGE('',*,*,#887,.T.);
#910 = ORIENTED_EDGE('',*,*,#911,.T.);
#911 = EDGE_CURVE('',#879,#912,#914,.T.);
#912 = VERTEX_POINT('',#913);
#913 = CARTESIAN_POINT('',(3.2,0.,7.E-02));
#914 = LINE('',#915,#916);
#915 = CARTESIAN_POINT('',(2.725,-2.182216238909E-14,7.E-02));
#916 = VECTOR('',#917,1.);
#917 = DIRECTION('',(1.,4.594139450336E-14,0.));
#918 = ORIENTED_EDGE('',*,*,#919,.F.);
#919 = EDGE_CURVE('',#920,#912,#922,.T.);
#920 = VERTEX_POINT('',#921);
#921 = CARTESIAN_POINT('',(3.2,0.,-7.E-02));
#922 = LINE('',#923,#924);
#923 = CARTESIAN_POINT('',(3.2,0.,-7.E-02));
#924 = VECTOR('',#925,1.);
#925 = DIRECTION('',(0.,0.,1.));
#926 = ORIENTED_EDGE('',*,*,#927,.F.);
#927 = EDGE_CURVE('',#888,#920,#928,.T.);
#928 = LINE('',#929,#930);
#929 = CARTESIAN_POINT('',(2.725,-2.182216238909E-14,-7.E-02));
#930 = VECTOR('',#931,1.);
#931 = DIRECTION('',(1.,4.594139450336E-14,0.));
#932 = PLANE('',#933);
#933 = AXIS2_PLACEMENT_3D('',#934,#935,#936);
#934 = CARTESIAN_POINT('',(2.725,-2.182216238909E-14,-7.E-02));
#935 = DIRECTION('',(-4.594139450336E-14,1.,0.));
#936 = DIRECTION('',(1.,4.594139450336E-14,0.));
#937 = ADVANCED_FACE('',(#938),#963,.F.);
#938 = FACE_BOUND('',#939,.F.);
#939 = EDGE_LOOP('',(#940,#941,#949,#957));
#940 = ORIENTED_EDGE('',*,*,#919,.T.);
#941 = ORIENTED_EDGE('',*,*,#942,.T.);
#942 = EDGE_CURVE('',#912,#943,#945,.T.);
#943 = VERTEX_POINT('',#944);
#944 = CARTESIAN_POINT('',(3.2,0.25,7.E-02));
#945 = LINE('',#946,#947);
#946 = CARTESIAN_POINT('',(3.2,0.,7.E-02));
#947 = VECTOR('',#948,1.);
#948 = DIRECTION('',(0.,1.,0.));
#949 = ORIENTED_EDGE('',*,*,#950,.F.);
#950 = EDGE_CURVE('',#951,#943,#953,.T.);
#951 = VERTEX_POINT('',#952);
#952 = CARTESIAN_POINT('',(3.2,0.25,-7.E-02));
#953 = LINE('',#954,#955);
#954 = CARTESIAN_POINT('',(3.2,0.25,-7.E-02));
#955 = VECTOR('',#956,1.);
#956 = DIRECTION('',(0.,0.,1.));
#957 = ORIENTED_EDGE('',*,*,#958,.F.);
#958 = EDGE_CURVE('',#920,#951,#959,.T.);
#959 = LINE('',#960,#961);
#960 = CARTESIAN_POINT('',(3.2,0.,-7.E-02));
#961 = VECTOR('',#962,1.);
#962 = DIRECTION('',(0.,1.,0.));
#963 = PLANE('',#964);
#964 = AXIS2_PLACEMENT_3D('',#965,#966,#967);
#965 = CARTESIAN_POINT('',(3.2,0.,-7.E-02));
#966 = DIRECTION('',(-1.,0.,0.));
#967 = DIRECTION('',(0.,1.,0.));
#968 = ADVANCED_FACE('',(#969),#994,.F.);
#969 = FACE_BOUND('',#970,.F.);
#970 = EDGE_LOOP('',(#971,#972,#980,#988));
#971 = ORIENTED_EDGE('',*,*,#950,.T.);
#972 = ORIENTED_EDGE('',*,*,#973,.T.);
#973 = EDGE_CURVE('',#943,#974,#976,.T.);
#974 = VERTEX_POINT('',#975);
#975 = CARTESIAN_POINT('',(2.724999999999,0.25,7.E-02));
#976 = LINE('',#977,#978);
#977 = CARTESIAN_POINT('',(3.2,0.25,7.E-02));
#978 = VECTOR('',#979,1.);
#979 = DIRECTION('',(-1.,0.,0.));
#980 = ORIENTED_EDGE('',*,*,#981,.F.);
#981 = EDGE_CURVE('',#982,#974,#984,.T.);
#982 = VERTEX_POINT('',#983);
#983 = CARTESIAN_POINT('',(2.724999999999,0.25,-7.E-02));
#984 = LINE('',#985,#986);
#985 = CARTESIAN_POINT('',(2.724999999999,0.25,-7.E-02));
#986 = VECTOR('',#987,1.);
#987 = DIRECTION('',(0.,0.,1.));
#988 = ORIENTED_EDGE('',*,*,#989,.F.);
#989 = EDGE_CURVE('',#951,#982,#990,.T.);
#990 = LINE('',#991,#992);
#991 = CARTESIAN_POINT('',(3.2,0.25,-7.E-02));
#992 = VECTOR('',#993,1.);
#993 = DIRECTION('',(-1.,0.,0.));
#994 = PLANE('',#995);
#995 = AXIS2_PLACEMENT_3D('',#996,#997,#998);
#996 = CARTESIAN_POINT('',(3.2,0.25,-7.E-02));
#997 = DIRECTION('',(0.,-1.,0.));
#998 = DIRECTION('',(-1.,0.,0.));
#999 = ADVANCED_FACE('',(#1000),#1025,.F.);
#1000 = FACE_BOUND('',#1001,.F.);
#1001 = EDGE_LOOP('',(#1002,#1003,#1011,#1019));
#1002 = ORIENTED_EDGE('',*,*,#981,.T.);
#1003 = ORIENTED_EDGE('',*,*,#1004,.T.);
#1004 = EDGE_CURVE('',#974,#1005,#1007,.T.);
#1005 = VERTEX_POINT('',#1006);
#1006 = CARTESIAN_POINT('',(2.724999999999,0.48,7.E-02));
#1007 = LINE('',#1008,#1009);
#1008 = CARTESIAN_POINT('',(2.724999999999,0.25,7.E-02));
#1009 = VECTOR('',#1010,1.);
#1010 = DIRECTION('',(0.,1.,0.));
#1011 = ORIENTED_EDGE('',*,*,#1012,.F.);
#1012 = EDGE_CURVE('',#1013,#1005,#1015,.T.);
#1013 = VERTEX_POINT('',#1014);
#1014 = CARTESIAN_POINT('',(2.724999999999,0.48,-7.E-02));
#1015 = LINE('',#1016,#1017);
#1016 = CARTESIAN_POINT('',(2.724999999999,0.48,-7.E-02));
#1017 = VECTOR('',#1018,1.);
#1018 = DIRECTION('',(0.,0.,1.));
#1019 = ORIENTED_EDGE('',*,*,#1020,.F.);
#1020 = EDGE_CURVE('',#982,#1013,#1021,.T.);
#1021 = LINE('',#1022,#1023);
#1022 = CARTESIAN_POINT('',(2.724999999999,0.25,-7.E-02));
#1023 = VECTOR('',#1024,1.);
#1024 = DIRECTION('',(0.,1.,0.));
#1025 = PLANE('',#1026);
#1026 = AXIS2_PLACEMENT_3D('',#1027,#1028,#1029);
#1027 = CARTESIAN_POINT('',(2.724999999999,0.25,-7.E-02));
#1028 = DIRECTION('',(-1.,0.,0.));
#1029 = DIRECTION('',(0.,1.,0.));
#1030 = ADVANCED_FACE('',(#1031),#1058,.T.);
#1031 = FACE_BOUND('',#1032,.F.);
#1032 = EDGE_LOOP('',(#1033,#1034,#1043,#1051));
#1033 = ORIENTED_EDGE('',*,*,#1012,.T.);
#1034 = ORIENTED_EDGE('',*,*,#1035,.T.);
#1035 = EDGE_CURVE('',#1005,#1036,#1038,.T.);
#1036 = VERTEX_POINT('',#1037);
#1037 = CARTESIAN_POINT('',(2.474999999999,0.73,7.E-02));
#1038 = CIRCLE('',#1039,0.25);
#1039 = AXIS2_PLACEMENT_3D('',#1040,#1041,#1042);
#1040 = CARTESIAN_POINT('',(2.474999999999,0.48,7.E-02));
#1041 = DIRECTION('',(0.,0.,1.));
#1042 = DIRECTION('',(1.,0.,0.));
#1043 = ORIENTED_EDGE('',*,*,#1044,.F.);
#1044 = EDGE_CURVE('',#1045,#1036,#1047,.T.);
#1045 = VERTEX_POINT('',#1046);
#1046 = CARTESIAN_POINT('',(2.474999999999,0.73,-7.E-02));
#1047 = LINE('',#1048,#1049);
#1048 = CARTESIAN_POINT('',(2.474999999999,0.73,-7.E-02));
#1049 = VECTOR('',#1050,1.);
#1050 = DIRECTION('',(0.,0.,1.));
#1051 = ORIENTED_EDGE('',*,*,#1052,.F.);
#1052 = EDGE_CURVE('',#1013,#1045,#1053,.T.);
#1053 = CIRCLE('',#1054,0.25);
#1054 = AXIS2_PLACEMENT_3D('',#1055,#1056,#1057);
#1055 = CARTESIAN_POINT('',(2.474999999999,0.48,-7.E-02));
#1056 = DIRECTION('',(0.,0.,1.));
#1057 = DIRECTION('',(1.,0.,0.));
#1058 = CYLINDRICAL_SURFACE('',#1059,0.25);
#1059 = AXIS2_PLACEMENT_3D('',#1060,#1061,#1062);
#1060 = CARTESIAN_POINT('',(2.474999999999,0.48,-7.E-02));
#1061 = DIRECTION('',(-0.,-0.,-1.));
#1062 = DIRECTION('',(1.,0.,0.));
#1063 = ADVANCED_FACE('',(#1064),#1089,.F.);
#1064 = FACE_BOUND('',#1065,.F.);
#1065 = EDGE_LOOP('',(#1066,#1067,#1075,#1083));
#1066 = ORIENTED_EDGE('',*,*,#1044,.T.);
#1067 = ORIENTED_EDGE('',*,*,#1068,.T.);
#1068 = EDGE_CURVE('',#1036,#1069,#1071,.T.);
#1069 = VERTEX_POINT('',#1070);
#1070 = CARTESIAN_POINT('',(2.25,0.73,7.E-02));
#1071 = LINE('',#1072,#1073);
#1072 = CARTESIAN_POINT('',(2.474999999999,0.73,7.E-02));
#1073 = VECTOR('',#1074,1.);
#1074 = DIRECTION('',(-1.,0.,0.));
#1075 = ORIENTED_EDGE('',*,*,#1076,.F.);
#1076 = EDGE_CURVE('',#1077,#1069,#1079,.T.);
#1077 = VERTEX_POINT('',#1078);
#1078 = CARTESIAN_POINT('',(2.25,0.73,-7.E-02));
#1079 = LINE('',#1080,#1081);
#1080 = CARTESIAN_POINT('',(2.25,0.73,-7.E-02));
#1081 = VECTOR('',#1082,1.);
#1082 = DIRECTION('',(0.,0.,1.));
#1083 = ORIENTED_EDGE('',*,*,#1084,.F.);
#1084 = EDGE_CURVE('',#1045,#1077,#1085,.T.);
#1085 = LINE('',#1086,#1087);
#1086 = CARTESIAN_POINT('',(2.474999999999,0.73,-7.E-02));
#1087 = VECTOR('',#1088,1.);
#1088 = DIRECTION('',(-1.,0.,0.));
#1089 = PLANE('',#1090);
#1090 = AXIS2_PLACEMENT_3D('',#1091,#1092,#1093);
#1091 = CARTESIAN_POINT('',(2.474999999999,0.73,-7.E-02));
#1092 = DIRECTION('',(0.,-1.,0.));
#1093 = DIRECTION('',(-1.,0.,0.));
#1094 = ADVANCED_FACE('',(#1095),#1111,.F.);
#1095 = FACE_BOUND('',#1096,.F.);
#1096 = EDGE_LOOP('',(#1097,#1098,#1104,#1105));
#1097 = ORIENTED_EDGE('',*,*,#1076,.T.);
#1098 = ORIENTED_EDGE('',*,*,#1099,.T.);
#1099 = EDGE_CURVE('',#1069,#809,#1100,.T.);
#1100 = LINE('',#1101,#1102);
#1101 = CARTESIAN_POINT('',(2.25,0.73,7.E-02));
#1102 = VECTOR('',#1103,1.);
#1103 = DIRECTION('',(0.,-1.,0.));
#1104 = ORIENTED_EDGE('',*,*,#806,.F.);
#1105 = ORIENTED_EDGE('',*,*,#1106,.F.);
#1106 = EDGE_CURVE('',#1077,#807,#1107,.T.);
#1107 = LINE('',#1108,#1109);
#1108 = CARTESIAN_POINT('',(2.25,0.73,-7.E-02));
#1109 = VECTOR('',#1110,1.);
#1110 = DIRECTION('',(0.,-1.,0.));
#1111 = PLANE('',#1112);
#1112 = AXIS2_PLACEMENT_3D('',#1113,#1114,#1115);
#1113 = CARTESIAN_POINT('',(2.25,0.73,-7.E-02));
#1114 = DIRECTION('',(1.,0.,0.));
#1115 = DIRECTION('',(0.,-1.,0.));
#1116 = ADVANCED_FACE('',(#1117),#1129,.F.);
#1117 = FACE_BOUND('',#1118,.F.);
#1118 = EDGE_LOOP('',(#1119,#1120,#1121,#1122,#1123,#1124,#1125,#1126,
    #1127,#1128));
#1119 = ORIENTED_EDGE('',*,*,#832,.T.);
#1120 = ORIENTED_EDGE('',*,*,#863,.T.);
#1121 = ORIENTED_EDGE('',*,*,#895,.T.);
#1122 = ORIENTED_EDGE('',*,*,#927,.T.);
#1123 = ORIENTED_EDGE('',*,*,#958,.T.);
#1124 = ORIENTED_EDGE('',*,*,#989,.T.);
#1125 = ORIENTED_EDGE('',*,*,#1020,.T.);
#1126 = ORIENTED_EDGE('',*,*,#1052,.T.);
#1127 = ORIENTED_EDGE('',*,*,#1084,.T.);
#1128 = ORIENTED_EDGE('',*,*,#1106,.T.);
#1129 = PLANE('',#1130);
#1130 = AXIS2_PLACEMENT_3D('',#1131,#1132,#1133);
#1131 = CARTESIAN_POINT('',(2.695649322486,0.326740271005,-7.E-02));
#1132 = DIRECTION('',(0.,0.,1.));
#1133 = DIRECTION('',(1.,0.,0.));
#1134 = ADVANCED_FACE('',(#1135),#1147,.T.);
#1135 = FACE_BOUND('',#1136,.T.);
#1136 = EDGE_LOOP('',(#1137,#1138,#1139,#1140,#1141,#1142,#1143,#1144,
    #1145,#1146));
#1137 = ORIENTED_EDGE('',*,*,#816,.T.);
#1138 = ORIENTED_EDGE('',*,*,#847,.T.);
#1139 = ORIENTED_EDGE('',*,*,#878,.T.);
#1140 = ORIENTED_EDGE('',*,*,#911,.T.);
#1141 = ORIENTED_EDGE('',*,*,#942,.T.);
#1142 = ORIENTED_EDGE('',*,*,#973,.T.);
#1143 = ORIENTED_EDGE('',*,*,#1004,.T.);
#1144 = ORIENTED_EDGE('',*,*,#1035,.T.);
#1145 = ORIENTED_EDGE('',*,*,#1068,.T.);
#1146 = ORIENTED_EDGE('',*,*,#1099,.T.);
#1147 = PLANE('',#1148);
#1148 = AXIS2_PLACEMENT_3D('',#1149,#1150,#1151);
#1149 = CARTESIAN_POINT('',(2.695649322486,0.326740271005,7.E-02));
#1150 = DIRECTION('',(0.,0.,1.));
#1151 = DIRECTION('',(1.,0.,0.));
#1152 = ( GEOMETRIC_REPRESENTATION_CONTEXT(3) 
GLOBAL_UNCERTAINTY_ASSIGNED_CONTEXT((#1156)) 
GLOBAL_UNIT_ASSIGNED_CONTEXT((#1153,#1154,#1155)) REPRESENTATION_CONTEXT
('Context #1','3D Context with UNIT and UNCERTAINTY') );
#1153 = ( LENGTH_UNIT() NAMED_UNIT(*) SI_UNIT(.MILLI.,.METRE.) );
#1154 = ( NAMED_UNIT(*) PLANE_ANGLE_UNIT() SI_UNIT($,.RADIAN.) );
#1155 = ( NAMED_UNIT(*) SI_UNIT($,.STERADIAN.) SOLID_ANGLE_UNIT() );
#1156 = UNCERTAINTY_MEASURE_WITH_UNIT(LENGTH_MEASURE(1.E-07),#1153,
  'distance_accuracy_value','confusion accuracy');
#1157 = CONTEXT_DEPENDENT_SHAPE_REPRESENTATION(#1158,#1160);
#1158 = ( REPRESENTATION_RELATIONSHIP('','',#799,#704) 
REPRESENTATION_RELATIONSHIP_WITH_TRANSFORMATION(#1159) 
SHAPE_REPRESENTATION_RELATIONSHIP() );
#1159 = ITEM_DEFINED_TRANSFORMATION('','',#11,#705);
#1160 = PRODUCT_DEFINITION_SHAPE('Placement','Placement of an item',
  #1161);
#1161 = NEXT_ASSEMBLY_USAGE_OCCURRENCE('69297','0','',#699,#794,$);
#1162 = PRODUCT_RELATED_PRODUCT_CATEGORY('part',$,(#796));
#1163 = CONTEXT_DEPENDENT_SHAPE_REPRESENTATION(#1164,#1166);
#1164 = ( REPRESENTATION_RELATIONSHIP('','',#799,#704) 
REPRESENTATION_RELATIONSHIP_WITH_TRANSFORMATION(#1165) 
SHAPE_REPRESENTATION_RELATIONSHIP() );
#1165 = ITEM_DEFINED_TRANSFORMATION('','',#11,#709);
#1166 = PRODUCT_DEFINITION_SHAPE('Placement','Placement of an item',
  #1167);
#1167 = NEXT_ASSEMBLY_USAGE_OCCURRENCE('69298','1','',#699,#794,$);
#1168 = CONTEXT_DEPENDENT_SHAPE_REPRESENTATION(#1169,#1171);
#1169 = ( REPRESENTATION_RELATIONSHIP('','',#799,#704) 
REPRESENTATION_RELATIONSHIP_WITH_TRANSFORMATION(#1170) 
SHAPE_REPRESENTATION_RELATIONSHIP() );
#1170 = ITEM_DEFINED_TRANSFORMATION('','',#11,#713);
#1171 = PRODUCT_DEFINITION_SHAPE('Placement','Placement of an item',
  #1172);
#1172 = NEXT_ASSEMBLY_USAGE_OCCURRENCE('69299','2','',#699,#794,$);
#1173 = CONTEXT_DEPENDENT_SHAPE_REPRESENTATION(#1174,#1176);
#1174 = ( REPRESENTATION_RELATIONSHIP('','',#799,#704) 
REPRESENTATION_RELATIONSHIP_WITH_TRANSFORMATION(#1175) 
SHAPE_REPRESENTATION_RELATIONSHIP() );
#1175 = ITEM_DEFINED_TRANSFORMATION('','',#11,#717);
#1176 = PRODUCT_DEFINITION_SHAPE('Placement','Placement of an item',
  #1177);
#1177 = NEXT_ASSEMBLY_USAGE_OCCURRENCE('69300','3','',#699,#794,$);
#1178 = CONTEXT_DEPENDENT_SHAPE_REPRESENTATION(#1179,#1181);
#1179 = ( REPRESENTATION_RELATIONSHIP('','',#799,#704) 
REPRESENTATION_RELATIONSHIP_WITH_TRANSFORMATION(#1180) 
SHAPE_REPRESENTATION_RELATIONSHIP() );
#1180 = ITEM_DEFINED_TRANSFORMATION('','',#11,#721);
#1181 = PRODUCT_DEFINITION_SHAPE('Placement','Placement of an item',
  #1182);
#1182 = NEXT_ASSEMBLY_USAGE_OCCURRENCE('69301','4','',#699,#794,$);
#1183 = CONTEXT_DEPENDENT_SHAPE_REPRESENTATION(#1184,#1186);
#1184 = ( REPRESENTATION_RELATIONSHIP('','',#799,#704) 
REPRESENTATION_RELATIONSHIP_WITH_TRANSFORMATION(#1185) 
SHAPE_REPRESENTATION_RELATIONSHIP() );
#1185 = ITEM_DEFINED_TRANSFORMATION('','',#11,#725);
#1186 = PRODUCT_DEFINITION_SHAPE('Placement','Placement of an item',
  #1187);
#1187 = NEXT_ASSEMBLY_USAGE_OCCURRENCE('69302','5','',#699,#794,$);
#1188 = CONTEXT_DEPENDENT_SHAPE_REPRESENTATION(#1189,#1191);
#1189 = ( REPRESENTATION_RELATIONSHIP('','',#799,#704) 
REPRESENTATION_RELATIONSHIP_WITH_TRANSFORMATION(#1190) 
SHAPE_REPRESENTATION_RELATIONSHIP() );
#1190 = ITEM_DEFINED_TRANSFORMATION('','',#11,#729);
#1191 = PRODUCT_DEFINITION_SHAPE('Placement','Placement of an item',
  #1192);
#1192 = NEXT_ASSEMBLY_USAGE_OCCURRENCE('69303','6','',#699,#794,$);
#1193 = CONTEXT_DEPENDENT_SHAPE_REPRESENTATION(#1194,#1196);
#1194 = ( REPRESENTATION_RELATIONSHIP('','',#799,#704) 
REPRESENTATION_RELATIONSHIP_WITH_TRANSFORMATION(#1195) 
SHAPE_REPRESENTATION_RELATIONSHIP() );
#1195 = ITEM_DEFINED_TRANSFORMATION('','',#11,#733);
#1196 = PRODUCT_DEFINITION_SHAPE('Placement','Placement of an item',
  #1197);
#1197 = NEXT_ASSEMBLY_USAGE_OCCURRENCE('69304','7','',#699,#794,$);
#1198 = CONTEXT_DEPENDENT_SHAPE_REPRESENTATION(#1199,#1201);
#1199 = ( REPRESENTATION_RELATIONSHIP('','',#799,#704) 
REPRESENTATION_RELATIONSHIP_WITH_TRANSFORMATION(#1200) 
SHAPE_REPRESENTATION_RELATIONSHIP() );
#1200 = ITEM_DEFINED_TRANSFORMATION('','',#11,#737);
#1201 = PRODUCT_DEFINITION_SHAPE('Placement','Placement of an item',
  #1202);
#1202 = NEXT_ASSEMBLY_USAGE_OCCURRENCE('69305','8','',#699,#794,$);
#1203 = CONTEXT_DEPENDENT_SHAPE_REPRESENTATION(#1204,#1206);
#1204 = ( REPRESENTATION_RELATIONSHIP('','',#799,#704) 
REPRESENTATION_RELATIONSHIP_WITH_TRANSFORMATION(#1205) 
SHAPE_REPRESENTATION_RELATIONSHIP() );
#1205 = ITEM_DEFINED_TRANSFORMATION('','',#11,#741);
#1206 = PRODUCT_DEFINITION_SHAPE('Placement','Placement of an item',
  #1207);
#1207 = NEXT_ASSEMBLY_USAGE_OCCURRENCE('69306','9','',#699,#794,$);
#1208 = CONTEXT_DEPENDENT_SHAPE_REPRESENTATION(#1209,#1211);
#1209 = ( REPRESENTATION_RELATIONSHIP('','',#799,#704) 
REPRESENTATION_RELATIONSHIP_WITH_TRANSFORMATION(#1210) 
SHAPE_REPRESENTATION_RELATIONSHIP() );
#1210 = ITEM_DEFINED_TRANSFORMATION('','',#11,#745);
#1211 = PRODUCT_DEFINITION_SHAPE('Placement','Placement of an item',
  #1212);
#1212 = NEXT_ASSEMBLY_USAGE_OCCURRENCE('69307','10','',#699,#794,$);
#1213 = CONTEXT_DEPENDENT_SHAPE_REPRESENTATION(#1214,#1216);
#1214 = ( REPRESENTATION_RELATIONSHIP('','',#799,#704) 
REPRESENTATION_RELATIONSHIP_WITH_TRANSFORMATION(#1215) 
SHAPE_REPRESENTATION_RELATIONSHIP() );
#1215 = ITEM_DEFINED_TRANSFORMATION('','',#11,#749);
#1216 = PRODUCT_DEFINITION_SHAPE('Placement','Placement of an item',
  #1217);
#1217 = NEXT_ASSEMBLY_USAGE_OCCURRENCE('69308','11','',#699,#794,$);
#1218 = CONTEXT_DEPENDENT_SHAPE_REPRESENTATION(#1219,#1221);
#1219 = ( REPRESENTATION_RELATIONSHIP('','',#799,#704) 
REPRESENTATION_RELATIONSHIP_WITH_TRANSFORMATION(#1220) 
SHAPE_REPRESENTATION_RELATIONSHIP() );
#1220 = ITEM_DEFINED_TRANSFORMATION('','',#11,#753);
#1221 = PRODUCT_DEFINITION_SHAPE('Placement','Placement of an item',
  #1222);
#1222 = NEXT_ASSEMBLY_USAGE_OCCURRENCE('69309','12','',#699,#794,$);
#1223 = CONTEXT_DEPENDENT_SHAPE_REPRESENTATION(#1224,#1226);
#1224 = ( REPRESENTATION_RELATIONSHIP('','',#799,#704) 
REPRESENTATION_RELATIONSHIP_WITH_TRANSFORMATION(#1225) 
SHAPE_REPRESENTATION_RELATIONSHIP() );
#1225 = ITEM_DEFINED_TRANSFORMATION('','',#11,#757);
#1226 = PRODUCT_DEFINITION_SHAPE('Placement','Placement of an item',
  #1227);
#1227 = NEXT_ASSEMBLY_USAGE_OCCURRENCE('69310','13','',#699,#794,$);
#1228 = CONTEXT_DEPENDENT_SHAPE_REPRESENTATION(#1229,#1231);
#1229 = ( REPRESENTATION_RELATIONSHIP('','',#799,#704) 
REPRESENTATION_RELATIONSHIP_WITH_TRANSFORMATION(#1230) 
SHAPE_REPRESENTATION_RELATIONSHIP() );
#1230 = ITEM_DEFINED_TRANSFORMATION('','',#11,#761);
#1231 = PRODUCT_DEFINITION_SHAPE('Placement','Placement of an item',
  #1232);
#1232 = NEXT_ASSEMBLY_USAGE_OCCURRENCE('69311','14','',#699,#794,$);
#1233 = CONTEXT_DEPENDENT_SHAPE_REPRESENTATION(#1234,#1236);
#1234 = ( REPRESENTATION_RELATIONSHIP('','',#799,#704) 
REPRESENTATION_RELATIONSHIP_WITH_TRANSFORMATION(#1235) 
SHAPE_REPRESENTATION_RELATIONSHIP() );
#1235 = ITEM_DEFINED_TRANSFORMATION('','',#11,#765);
#1236 = PRODUCT_DEFINITION_SHAPE('Placement','Placement of an item',
  #1237);
#1237 = NEXT_ASSEMBLY_USAGE_OCCURRENCE('69312','15','',#699,#794,$);
#1238 = CONTEXT_DEPENDENT_SHAPE_REPRESENTATION(#1239,#1241);
#1239 = ( REPRESENTATION_RELATIONSHIP('','',#799,#704) 
REPRESENTATION_RELATIONSHIP_WITH_TRANSFORMATION(#1240) 
SHAPE_REPRESENTATION_RELATIONSHIP() );
#1240 = ITEM_DEFINED_TRANSFORMATION('','',#11,#769);
#1241 = PRODUCT_DEFINITION_SHAPE('Placement','Placement of an item',
  #1242);
#1242 = NEXT_ASSEMBLY_USAGE_OCCURRENCE('69313','16','',#699,#794,$);
#1243 = CONTEXT_DEPENDENT_SHAPE_REPRESENTATION(#1244,#1246);
#1244 = ( REPRESENTATION_RELATIONSHIP('','',#799,#704) 
REPRESENTATION_RELATIONSHIP_WITH_TRANSFORMATION(#1245) 
SHAPE_REPRESENTATION_RELATIONSHIP() );
#1245 = ITEM_DEFINED_TRANSFORMATION('','',#11,#773);
#1246 = PRODUCT_DEFINITION_SHAPE('Placement','Placement of an item',
  #1247);
#1247 = NEXT_ASSEMBLY_USAGE_OCCURRENCE('69314','17','',#699,#794,$);
#1248 = CONTEXT_DEPENDENT_SHAPE_REPRESENTATION(#1249,#1251);
#1249 = ( REPRESENTATION_RELATIONSHIP('','',#799,#704) 
REPRESENTATION_RELATIONSHIP_WITH_TRANSFORMATION(#1250) 
SHAPE_REPRESENTATION_RELATIONSHIP() );
#1250 = ITEM_DEFINED_TRANSFORMATION('','',#11,#777);
#1251 = PRODUCT_DEFINITION_SHAPE('Placement','Placement of an item',
  #1252);
#1252 = NEXT_ASSEMBLY_USAGE_OCCURRENCE('69315','18','',#699,#794,$);
#1253 = SHAPE_DEFINITION_REPRESENTATION(#1254,#1260);
#1254 = PRODUCT_DEFINITION_SHAPE('','',#1255);
#1255 = PRODUCT_DEFINITION('design','',#1256,#1259);
#1256 = PRODUCT_DEFINITION_FORMATION('','',#1257);
#1257 = PRODUCT('Body','Body','',(#1258));
#1258 = PRODUCT_CONTEXT('',#2,'mechanical');
#1259 = PRODUCT_DEFINITION_CONTEXT('part definition',#2,'design');
#1260 = ADVANCED_BREP_SHAPE_REPRESENTATION('',(#11,#1261),#1648);
#1261 = MANIFOLD_SOLID_BREP('',#1262);
#1262 = CLOSED_SHELL('',(#1263,#1303,#1334,#1365,#1396,#1427,#1451,#1475
    ,#1492,#1514,#1538,#1562,#1590,#1602,#1614,#1639));
#1263 = ADVANCED_FACE('',(#1264),#1298,.T.);
#1264 = FACE_BOUND('',#1265,.T.);
#1265 = EDGE_LOOP('',(#1266,#1276,#1284,#1292));
#1266 = ORIENTED_EDGE('',*,*,#1267,.T.);
#1267 = EDGE_CURVE('',#1268,#1270,#1272,.T.);
#1268 = VERTEX_POINT('',#1269);
#1269 = CARTESIAN_POINT('',(2.25,0.48,4.85));
#1270 = VERTEX_POINT('',#1271);
#1271 = CARTESIAN_POINT('',(2.25,0.48,-4.85));
#1272 = LINE('',#1273,#1274);
#1273 = CARTESIAN_POINT('',(2.25,0.48,10.846106859606));
#1274 = VECTOR('',#1275,1.);
#1275 = DIRECTION('',(0.,0.,-1.));
#1276 = ORIENTED_EDGE('',*,*,#1277,.T.);
#1277 = EDGE_CURVE('',#1270,#1278,#1280,.T.);
#1278 = VERTEX_POINT('',#1279);
#1279 = CARTESIAN_POINT('',(2.25,0.73,-4.85));
#1280 = LINE('',#1281,#1282);
#1281 = CARTESIAN_POINT('',(2.25,-1.076916333886E-15,-4.85));
#1282 = VECTOR('',#1283,1.);
#1283 = DIRECTION('',(0.,1.,-2.22044604925E-16));
#1284 = ORIENTED_EDGE('',*,*,#1285,.F.);
#1285 = EDGE_CURVE('',#1286,#1278,#1288,.T.);
#1286 = VERTEX_POINT('',#1287);
#1287 = CARTESIAN_POINT('',(2.25,0.73,4.85));
#1288 = LINE('',#1289,#1290);
#1289 = CARTESIAN_POINT('',(2.25,0.73,10.846106859606));
#1290 = VECTOR('',#1291,1.);
#1291 = DIRECTION('',(0.,0.,-1.));
#1292 = ORIENTED_EDGE('',*,*,#1293,.F.);
#1293 = EDGE_CURVE('',#1268,#1286,#1294,.T.);
#1294 = LINE('',#1295,#1296);
#1295 = CARTESIAN_POINT('',(2.25,1.076916333886E-15,4.85));
#1296 = VECTOR('',#1297,1.);
#1297 = DIRECTION('',(0.,1.,-2.22044604925E-16));
#1298 = PLANE('',#1299);
#1299 = AXIS2_PLACEMENT_3D('',#1300,#1301,#1302);
#1300 = CARTESIAN_POINT('',(2.25,-1.076916333886E-15,-4.85));
#1301 = DIRECTION('',(1.,0.,0.));
#1302 = DIRECTION('',(0.,2.22044604925E-16,1.));
#1303 = ADVANCED_FACE('',(#1304),#1329,.T.);
#1304 = FACE_BOUND('',#1305,.T.);
#1305 = EDGE_LOOP('',(#1306,#1307,#1315,#1323));
#1306 = ORIENTED_EDGE('',*,*,#1267,.F.);
#1307 = ORIENTED_EDGE('',*,*,#1308,.F.);
#1308 = EDGE_CURVE('',#1309,#1268,#1311,.T.);
#1309 = VERTEX_POINT('',#1310);
#1310 = CARTESIAN_POINT('',(2.19799989116,0.11,4.79799989116));
#1311 = LINE('',#1312,#1313);
#1312 = CARTESIAN_POINT('',(2.337622127842,1.103463835456,4.937622127842
    ));
#1313 = VECTOR('',#1314,1.);
#1314 = DIRECTION('',(0.137844537492,0.980814848464,0.137844537492));
#1315 = ORIENTED_EDGE('',*,*,#1316,.T.);
#1316 = EDGE_CURVE('',#1309,#1317,#1319,.T.);
#1317 = VERTEX_POINT('',#1318);
#1318 = CARTESIAN_POINT('',(2.19799989116,0.11,-4.79799989116));
#1319 = LINE('',#1320,#1321);
#1320 = CARTESIAN_POINT('',(2.19799989116,0.11,10.846106859606));
#1321 = VECTOR('',#1322,1.);
#1322 = DIRECTION('',(0.,0.,-1.));
#1323 = ORIENTED_EDGE('',*,*,#1324,.T.);
#1324 = EDGE_CURVE('',#1317,#1270,#1325,.T.);
#1325 = LINE('',#1326,#1327);
#1326 = CARTESIAN_POINT('',(2.131533987654,-0.362929477377,
    -4.731533987654));
#1327 = VECTOR('',#1328,1.);
#1328 = DIRECTION('',(0.137844537492,0.980814848464,-0.137844537492));
#1329 = PLANE('',#1330);
#1330 = AXIS2_PLACEMENT_3D('',#1331,#1332,#1333);
#1331 = CARTESIAN_POINT('',(2.19799989116,0.11,10.846106859606));
#1332 = DIRECTION('',(0.990268068742,-0.13917310096,0.));
#1333 = DIRECTION('',(0.13917310096,0.990268068742,0.));
#1334 = ADVANCED_FACE('',(#1335),#1360,.T.);
#1335 = FACE_BOUND('',#1336,.T.);
#1336 = EDGE_LOOP('',(#1337,#1345,#1346,#1354));
#1337 = ORIENTED_EDGE('',*,*,#1338,.F.);
#1338 = EDGE_CURVE('',#1268,#1339,#1341,.T.);
#1339 = VERTEX_POINT('',#1340);
#1340 = CARTESIAN_POINT('',(-2.25,0.48,4.85));
#1341 = LINE('',#1342,#1343);
#1342 = CARTESIAN_POINT('',(10.846106859606,0.48,4.85));
#1343 = VECTOR('',#1344,1.);
#1344 = DIRECTION('',(-1.,0.,0.));
#1345 = ORIENTED_EDGE('',*,*,#1293,.T.);
#1346 = ORIENTED_EDGE('',*,*,#1347,.T.);
#1347 = EDGE_CURVE('',#1286,#1348,#1350,.T.);
#1348 = VERTEX_POINT('',#1349);
#1349 = CARTESIAN_POINT('',(-2.25,0.73,4.85));
#1350 = LINE('',#1351,#1352);
#1351 = CARTESIAN_POINT('',(10.846106859606,0.73,4.85));
#1352 = VECTOR('',#1353,1.);
#1353 = DIRECTION('',(-1.,0.,0.));
#1354 = ORIENTED_EDGE('',*,*,#1355,.F.);
#1355 = EDGE_CURVE('',#1339,#1348,#1356,.T.);
#1356 = LINE('',#1357,#1358);
#1357 = CARTESIAN_POINT('',(-2.25,1.076916333886E-15,4.85));
#1358 = VECTOR('',#1359,1.);
#1359 = DIRECTION('',(0.,1.,-2.22044604925E-16));
#1360 = PLANE('',#1361);
#1361 = AXIS2_PLACEMENT_3D('',#1362,#1363,#1364);
#1362 = CARTESIAN_POINT('',(2.25,1.076916333886E-15,4.85));
#1363 = DIRECTION('',(0.,2.22044604925E-16,1.));
#1364 = DIRECTION('',(-1.,0.,0.));
#1365 = ADVANCED_FACE('',(#1366),#1391,.F.);
#1366 = FACE_BOUND('',#1367,.F.);
#1367 = EDGE_LOOP('',(#1368,#1369,#1377,#1385));
#1368 = ORIENTED_EDGE('',*,*,#1285,.F.);
#1369 = ORIENTED_EDGE('',*,*,#1370,.T.);
#1370 = EDGE_CURVE('',#1286,#1371,#1373,.T.);
#1371 = VERTEX_POINT('',#1372);
#1372 = CARTESIAN_POINT('',(2.19799989116,1.1,4.79799989116));
#1373 = LINE('',#1374,#1375);
#1374 = CARTESIAN_POINT('',(2.337622127842,0.106536164545,4.937622127842
    ));
#1375 = VECTOR('',#1376,1.);
#1376 = DIRECTION('',(-0.137844537492,0.980814848464,-0.137844537492));
#1377 = ORIENTED_EDGE('',*,*,#1378,.T.);
#1378 = EDGE_CURVE('',#1371,#1379,#1381,.T.);
#1379 = VERTEX_POINT('',#1380);
#1380 = CARTESIAN_POINT('',(2.19799989116,1.1,-4.79799989116));
#1381 = LINE('',#1382,#1383);
#1382 = CARTESIAN_POINT('',(2.19799989116,1.1,10.846106859606));
#1383 = VECTOR('',#1384,1.);
#1384 = DIRECTION('',(0.,0.,-1.));
#1385 = ORIENTED_EDGE('',*,*,#1386,.F.);
#1386 = EDGE_CURVE('',#1278,#1379,#1387,.T.);
#1387 = LINE('',#1388,#1389);
#1388 = CARTESIAN_POINT('',(2.131533987654,1.572929477377,
    -4.731533987654));
#1389 = VECTOR('',#1390,1.);
#1390 = DIRECTION('',(-0.137844537492,0.980814848464,0.137844537492));
#1391 = PLANE('',#1392);
#1392 = AXIS2_PLACEMENT_3D('',#1393,#1394,#1395);
#1393 = CARTESIAN_POINT('',(2.19799989116,1.1,10.846106859606));
#1394 = DIRECTION('',(-0.990268068742,-0.13917310096,0.));
#1395 = DIRECTION('',(0.13917310096,-0.990268068742,0.));
#1396 = ADVANCED_FACE('',(#1397),#1422,.T.);
#1397 = FACE_BOUND('',#1398,.T.);
#1398 = EDGE_LOOP('',(#1399,#1407,#1415,#1421));
#1399 = ORIENTED_EDGE('',*,*,#1400,.T.);
#1400 = EDGE_CURVE('',#1270,#1401,#1403,.T.);
#1401 = VERTEX_POINT('',#1402);
#1402 = CARTESIAN_POINT('',(-2.25,0.48,-4.85));
#1403 = LINE('',#1404,#1405);
#1404 = CARTESIAN_POINT('',(10.846106859606,0.48,-4.85));
#1405 = VECTOR('',#1406,1.);
#1406 = DIRECTION('',(-1.,0.,0.));
#1407 = ORIENTED_EDGE('',*,*,#1408,.T.);
#1408 = EDGE_CURVE('',#1401,#1409,#1411,.T.);
#1409 = VERTEX_POINT('',#1410);
#1410 = CARTESIAN_POINT('',(-2.25,0.73,-4.85));
#1411 = LINE('',#1412,#1413);
#1412 = CARTESIAN_POINT('',(-2.25,-1.076916333886E-15,-4.85));
#1413 = VECTOR('',#1414,1.);
#1414 = DIRECTION('',(0.,1.,-2.22044604925E-16));
#1415 = ORIENTED_EDGE('',*,*,#1416,.F.);
#1416 = EDGE_CURVE('',#1278,#1409,#1417,.T.);
#1417 = LINE('',#1418,#1419);
#1418 = CARTESIAN_POINT('',(10.846106859606,0.73,-4.85));
#1419 = VECTOR('',#1420,1.);
#1420 = DIRECTION('',(-1.,0.,0.));
#1421 = ORIENTED_EDGE('',*,*,#1277,.F.);
#1422 = PLANE('',#1423);
#1423 = AXIS2_PLACEMENT_3D('',#1424,#1425,#1426);
#1424 = CARTESIAN_POINT('',(-2.25,-1.076916333886E-15,-4.85));
#1425 = DIRECTION('',(0.,-2.22044604925E-16,-1.));
#1426 = DIRECTION('',(1.,0.,0.));
#1427 = ADVANCED_FACE('',(#1428),#1446,.F.);
#1428 = FACE_BOUND('',#1429,.T.);
#1429 = EDGE_LOOP('',(#1430,#1431,#1439,#1445));
#1430 = ORIENTED_EDGE('',*,*,#1324,.F.);
#1431 = ORIENTED_EDGE('',*,*,#1432,.T.);
#1432 = EDGE_CURVE('',#1317,#1433,#1435,.T.);
#1433 = VERTEX_POINT('',#1434);
#1434 = CARTESIAN_POINT('',(-2.19799989116,0.11,-4.79799989116));
#1435 = LINE('',#1436,#1437);
#1436 = CARTESIAN_POINT('',(10.846106859606,0.11,-4.79799989116));
#1437 = VECTOR('',#1438,1.);
#1438 = DIRECTION('',(-1.,0.,0.));
#1439 = ORIENTED_EDGE('',*,*,#1440,.T.);
#1440 = EDGE_CURVE('',#1433,#1401,#1441,.T.);
#1441 = LINE('',#1442,#1443);
#1442 = CARTESIAN_POINT('',(-1.925445847467,-1.829322790209,
    -4.525445847467));
#1443 = VECTOR('',#1444,1.);
#1444 = DIRECTION('',(-0.137844537492,0.980814848464,-0.137844537492));
#1445 = ORIENTED_EDGE('',*,*,#1400,.F.);
#1446 = PLANE('',#1447);
#1447 = AXIS2_PLACEMENT_3D('',#1448,#1449,#1450);
#1448 = CARTESIAN_POINT('',(10.846106859606,0.11,-4.79799989116));
#1449 = DIRECTION('',(0.,0.13917310096,0.990268068742));
#1450 = DIRECTION('',(0.,-0.990268068742,0.13917310096));
#1451 = ADVANCED_FACE('',(#1452),#1470,.F.);
#1452 = FACE_BOUND('',#1453,.F.);
#1453 = EDGE_LOOP('',(#1454,#1462,#1463,#1464));
#1454 = ORIENTED_EDGE('',*,*,#1455,.F.);
#1455 = EDGE_CURVE('',#1309,#1456,#1458,.T.);
#1456 = VERTEX_POINT('',#1457);
#1457 = CARTESIAN_POINT('',(-2.19799989116,0.11,4.79799989116));
#1458 = LINE('',#1459,#1460);
#1459 = CARTESIAN_POINT('',(10.846106859606,0.11,4.79799989116));
#1460 = VECTOR('',#1461,1.);
#1461 = DIRECTION('',(-1.,0.,0.));
#1462 = ORIENTED_EDGE('',*,*,#1316,.T.);
#1463 = ORIENTED_EDGE('',*,*,#1432,.T.);
#1464 = ORIENTED_EDGE('',*,*,#1465,.F.);
#1465 = EDGE_CURVE('',#1456,#1433,#1466,.T.);
#1466 = LINE('',#1467,#1468);
#1467 = CARTESIAN_POINT('',(-2.19799989116,0.11,10.846106859606));
#1468 = VECTOR('',#1469,1.);
#1469 = DIRECTION('',(2.22044604925E-16,0.,-1.));
#1470 = PLANE('',#1471);
#1471 = AXIS2_PLACEMENT_3D('',#1472,#1473,#1474);
#1472 = CARTESIAN_POINT('',(0.,0.11,-2.775557561563E-17));
#1473 = DIRECTION('',(0.,1.,0.));
#1474 = DIRECTION('',(0.,0.,1.));
#1475 = ADVANCED_FACE('',(#1476),#1487,.F.);
#1476 = FACE_BOUND('',#1477,.F.);
#1477 = EDGE_LOOP('',(#1478,#1479,#1480,#1486));
#1478 = ORIENTED_EDGE('',*,*,#1308,.F.);
#1479 = ORIENTED_EDGE('',*,*,#1455,.T.);
#1480 = ORIENTED_EDGE('',*,*,#1481,.T.);
#1481 = EDGE_CURVE('',#1456,#1339,#1482,.T.);
#1482 = LINE('',#1483,#1484);
#1483 = CARTESIAN_POINT('',(-2.131533987654,-0.362929477376,
    4.731533987654));
#1484 = VECTOR('',#1485,1.);
#1485 = DIRECTION('',(-0.137844537492,0.980814848464,0.137844537492));
#1486 = ORIENTED_EDGE('',*,*,#1338,.F.);
#1487 = PLANE('',#1488);
#1488 = AXIS2_PLACEMENT_3D('',#1489,#1490,#1491);
#1489 = CARTESIAN_POINT('',(10.846106859606,0.11,4.79799989116));
#1490 = DIRECTION('',(0.,0.13917310096,-0.990268068742));
#1491 = DIRECTION('',(0.,0.990268068742,0.13917310096));
#1492 = ADVANCED_FACE('',(#1493),#1509,.T.);
#1493 = FACE_BOUND('',#1494,.T.);
#1494 = EDGE_LOOP('',(#1495,#1501,#1502,#1508));
#1495 = ORIENTED_EDGE('',*,*,#1496,.F.);
#1496 = EDGE_CURVE('',#1339,#1401,#1497,.T.);
#1497 = LINE('',#1498,#1499);
#1498 = CARTESIAN_POINT('',(-2.25,0.48,10.846106859606));
#1499 = VECTOR('',#1500,1.);
#1500 = DIRECTION('',(2.22044604925E-16,0.,-1.));
#1501 = ORIENTED_EDGE('',*,*,#1355,.T.);
#1502 = ORIENTED_EDGE('',*,*,#1503,.T.);
#1503 = EDGE_CURVE('',#1348,#1409,#1504,.T.);
#1504 = LINE('',#1505,#1506);
#1505 = CARTESIAN_POINT('',(-2.25,0.73,10.846106859606));
#1506 = VECTOR('',#1507,1.);
#1507 = DIRECTION('',(2.22044604925E-16,0.,-1.));
#1508 = ORIENTED_EDGE('',*,*,#1408,.F.);
#1509 = PLANE('',#1510);
#1510 = AXIS2_PLACEMENT_3D('',#1511,#1512,#1513);
#1511 = CARTESIAN_POINT('',(-2.25,1.076916333886E-15,4.85));
#1512 = DIRECTION('',(-1.,0.,0.));
#1513 = DIRECTION('',(0.,-2.22044604925E-16,-1.));
#1514 = ADVANCED_FACE('',(#1515),#1533,.T.);
#1515 = FACE_BOUND('',#1516,.T.);
#1516 = EDGE_LOOP('',(#1517,#1518,#1526,#1532));
#1517 = ORIENTED_EDGE('',*,*,#1370,.T.);
#1518 = ORIENTED_EDGE('',*,*,#1519,.T.);
#1519 = EDGE_CURVE('',#1371,#1520,#1522,.T.);
#1520 = VERTEX_POINT('',#1521);
#1521 = CARTESIAN_POINT('',(-2.19799989116,1.1,4.79799989116));
#1522 = LINE('',#1523,#1524);
#1523 = CARTESIAN_POINT('',(10.846106859606,1.1,4.79799989116));
#1524 = VECTOR('',#1525,1.);
#1525 = DIRECTION('',(-1.,0.,0.));
#1526 = ORIENTED_EDGE('',*,*,#1527,.F.);
#1527 = EDGE_CURVE('',#1348,#1520,#1528,.T.);
#1528 = LINE('',#1529,#1530);
#1529 = CARTESIAN_POINT('',(-2.131533987654,1.572929477377,
    4.731533987654));
#1530 = VECTOR('',#1531,1.);
#1531 = DIRECTION('',(0.137844537492,0.980814848464,-0.137844537492));
#1532 = ORIENTED_EDGE('',*,*,#1347,.F.);
#1533 = PLANE('',#1534);
#1534 = AXIS2_PLACEMENT_3D('',#1535,#1536,#1537);
#1535 = CARTESIAN_POINT('',(10.846106859606,1.1,4.79799989116));
#1536 = DIRECTION('',(0.,0.13917310096,0.990268068742));
#1537 = DIRECTION('',(0.,-0.990268068742,0.13917310096));
#1538 = ADVANCED_FACE('',(#1539),#1557,.T.);
#1539 = FACE_BOUND('',#1540,.F.);
#1540 = EDGE_LOOP('',(#1541,#1542,#1550,#1556));
#1541 = ORIENTED_EDGE('',*,*,#1386,.T.);
#1542 = ORIENTED_EDGE('',*,*,#1543,.T.);
#1543 = EDGE_CURVE('',#1379,#1544,#1546,.T.);
#1544 = VERTEX_POINT('',#1545);
#1545 = CARTESIAN_POINT('',(-2.19799989116,1.1,-4.79799989116));
#1546 = LINE('',#1547,#1548);
#1547 = CARTESIAN_POINT('',(10.846106859606,1.1,-4.79799989116));
#1548 = VECTOR('',#1549,1.);
#1549 = DIRECTION('',(-1.,0.,0.));
#1550 = ORIENTED_EDGE('',*,*,#1551,.F.);
#1551 = EDGE_CURVE('',#1409,#1544,#1552,.T.);
#1552 = LINE('',#1553,#1554);
#1553 = CARTESIAN_POINT('',(-1.925445847467,3.039322790209,
    -4.525445847467));
#1554 = VECTOR('',#1555,1.);
#1555 = DIRECTION('',(0.137844537492,0.980814848464,0.137844537492));
#1556 = ORIENTED_EDGE('',*,*,#1416,.F.);
#1557 = PLANE('',#1558);
#1558 = AXIS2_PLACEMENT_3D('',#1559,#1560,#1561);
#1559 = CARTESIAN_POINT('',(10.846106859606,1.1,-4.79799989116));
#1560 = DIRECTION('',(0.,0.13917310096,-0.990268068742));
#1561 = DIRECTION('',(0.,0.990268068742,0.13917310096));
#1562 = ADVANCED_FACE('',(#1563,#1574),#1585,.T.);
#1563 = FACE_BOUND('',#1564,.T.);
#1564 = EDGE_LOOP('',(#1565,#1566,#1567,#1568));
#1565 = ORIENTED_EDGE('',*,*,#1519,.F.);
#1566 = ORIENTED_EDGE('',*,*,#1378,.T.);
#1567 = ORIENTED_EDGE('',*,*,#1543,.T.);
#1568 = ORIENTED_EDGE('',*,*,#1569,.F.);
#1569 = EDGE_CURVE('',#1520,#1544,#1570,.T.);
#1570 = LINE('',#1571,#1572);
#1571 = CARTESIAN_POINT('',(-2.19799989116,1.1,10.846106859606));
#1572 = VECTOR('',#1573,1.);
#1573 = DIRECTION('',(2.22044604925E-16,0.,-1.));
#1574 = FACE_BOUND('',#1575,.T.);
#1575 = EDGE_LOOP('',(#1576));
#1576 = ORIENTED_EDGE('',*,*,#1577,.F.);
#1577 = EDGE_CURVE('',#1578,#1578,#1580,.T.);
#1578 = VERTEX_POINT('',#1579);
#1579 = CARTESIAN_POINT('',(-1.382142857143,1.1,-4.207142857143));
#1580 = CIRCLE('',#1581,0.225);
#1581 = AXIS2_PLACEMENT_3D('',#1582,#1583,#1584);
#1582 = CARTESIAN_POINT('',(-1.607142857143,1.1,-4.207142857143));
#1583 = DIRECTION('',(-0.,1.,2.22044604925E-16));
#1584 = DIRECTION('',(1.,0.,0.));
#1585 = PLANE('',#1586);
#1586 = AXIS2_PLACEMENT_3D('',#1587,#1588,#1589);
#1587 = CARTESIAN_POINT('',(0.,1.1,-2.22044604925E-16));
#1588 = DIRECTION('',(0.,1.,0.));
#1589 = DIRECTION('',(0.,0.,1.));
#1590 = ADVANCED_FACE('',(#1591),#1597,.T.);
#1591 = FACE_BOUND('',#1592,.F.);
#1592 = EDGE_LOOP('',(#1593,#1594,#1595,#1596));
#1593 = ORIENTED_EDGE('',*,*,#1496,.F.);
#1594 = ORIENTED_EDGE('',*,*,#1481,.F.);
#1595 = ORIENTED_EDGE('',*,*,#1465,.T.);
#1596 = ORIENTED_EDGE('',*,*,#1440,.T.);
#1597 = PLANE('',#1598);
#1598 = AXIS2_PLACEMENT_3D('',#1599,#1600,#1601);
#1599 = CARTESIAN_POINT('',(-2.19799989116,0.11,10.846106859606));
#1600 = DIRECTION('',(-0.990268068742,-0.13917310096,-2.198836820936E-16
    ));
#1601 = DIRECTION('',(0.13917310096,-0.990268068742,3.090263621887E-17)
  );
#1602 = ADVANCED_FACE('',(#1603),#1609,.F.);
#1603 = FACE_BOUND('',#1604,.T.);
#1604 = EDGE_LOOP('',(#1605,#1606,#1607,#1608));
#1605 = ORIENTED_EDGE('',*,*,#1503,.F.);
#1606 = ORIENTED_EDGE('',*,*,#1527,.T.);
#1607 = ORIENTED_EDGE('',*,*,#1569,.T.);
#1608 = ORIENTED_EDGE('',*,*,#1551,.F.);
#1609 = PLANE('',#1610);
#1610 = AXIS2_PLACEMENT_3D('',#1611,#1612,#1613);
#1611 = CARTESIAN_POINT('',(-2.19799989116,1.1,10.846106859606));
#1612 = DIRECTION('',(0.990268068742,-0.13917310096,2.198836820936E-16)
  );
#1613 = DIRECTION('',(0.13917310096,0.990268068742,3.090263621887E-17));
#1614 = ADVANCED_FACE('',(#1615),#1634,.F.);
#1615 = FACE_BOUND('',#1616,.F.);
#1616 = EDGE_LOOP('',(#1617,#1625,#1632,#1633));
#1617 = ORIENTED_EDGE('',*,*,#1618,.T.);
#1618 = EDGE_CURVE('',#1578,#1619,#1621,.T.);
#1619 = VERTEX_POINT('',#1620);
#1620 = CARTESIAN_POINT('',(-1.382142857143,1.026666666667,
    -4.207142857143));
#1621 = LINE('',#1622,#1623);
#1622 = CARTESIAN_POINT('',(-1.382142857143,1.1,-4.207142857143));
#1623 = VECTOR('',#1624,1.);
#1624 = DIRECTION('',(0.,-1.,-2.22044604925E-16));
#1625 = ORIENTED_EDGE('',*,*,#1626,.T.);
#1626 = EDGE_CURVE('',#1619,#1619,#1627,.T.);
#1627 = CIRCLE('',#1628,0.225);
#1628 = AXIS2_PLACEMENT_3D('',#1629,#1630,#1631);
#1629 = CARTESIAN_POINT('',(-1.607142857143,1.026666666667,
    -4.207142857143));
#1630 = DIRECTION('',(-0.,1.,2.22044604925E-16));
#1631 = DIRECTION('',(1.,0.,0.));
#1632 = ORIENTED_EDGE('',*,*,#1618,.F.);
#1633 = ORIENTED_EDGE('',*,*,#1577,.F.);
#1634 = CYLINDRICAL_SURFACE('',#1635,0.225);
#1635 = AXIS2_PLACEMENT_3D('',#1636,#1637,#1638);
#1636 = CARTESIAN_POINT('',(-1.607142857143,1.1,-4.207142857143));
#1637 = DIRECTION('',(0.,1.,2.22044604925E-16));
#1638 = DIRECTION('',(1.,0.,0.));
#1639 = ADVANCED_FACE('',(#1640),#1643,.T.);
#1640 = FACE_BOUND('',#1641,.T.);
#1641 = EDGE_LOOP('',(#1642));
#1642 = ORIENTED_EDGE('',*,*,#1626,.T.);
#1643 = PLANE('',#1644);
#1644 = AXIS2_PLACEMENT_3D('',#1645,#1646,#1647);
#1645 = CARTESIAN_POINT('',(-1.607142857143,1.026666666667,
    -4.207142857143));
#1646 = DIRECTION('',(0.,1.,0.));
#1647 = DIRECTION('',(0.,0.,1.));
#1648 = ( GEOMETRIC_REPRESENTATION_CONTEXT(3) 
GLOBAL_UNCERTAINTY_ASSIGNED_CONTEXT((#1652)) 
GLOBAL_UNIT_ASSIGNED_CONTEXT((#1649,#1650,#1651)) REPRESENTATION_CONTEXT
('Context #1','3D Context with UNIT and UNCERTAINTY') );
#1649 = ( LENGTH_UNIT() NAMED_UNIT(*) SI_UNIT(.MILLI.,.METRE.) );
#1650 = ( NAMED_UNIT(*) PLANE_ANGLE_UNIT() SI_UNIT($,.RADIAN.) );
#1651 = ( NAMED_UNIT(*) SI_UNIT($,.STERADIAN.) SOLID_ANGLE_UNIT() );
#1652 = UNCERTAINTY_MEASURE_WITH_UNIT(LENGTH_MEASURE(1.E-05),#1649,
  'distance_accuracy_value','confusion accuracy');
#1653 = CONTEXT_DEPENDENT_SHAPE_REPRESENTATION(#1654,#1656);
#1654 = ( REPRESENTATION_RELATIONSHIP('','',#1260,#10) 
REPRESENTATION_RELATIONSHIP_WITH_TRANSFORMATION(#1655) 
SHAPE_REPRESENTATION_RELATIONSHIP() );
#1655 = ITEM_DEFINED_TRANSFORMATION('','',#11,#23);
#1656 = PRODUCT_DEFINITION_SHAPE('Placement','Placement of an item',
  #1657);
#1657 = NEXT_ASSEMBLY_USAGE_OCCURRENCE('69317','Body','',#5,#1255,$);
#1658 = PRODUCT_RELATED_PRODUCT_CATEGORY('part',$,(#1257));
#1659 = SHAPE_DEFINITION_REPRESENTATION(#1660,#1666);
#1660 = PRODUCT_DEFINITION_SHAPE('','',#1661);
#1661 = PRODUCT_DEFINITION('design','',#1662,#1665);
#1662 = PRODUCT_DEFINITION_FORMATION('','',#1663);
#1663 = PRODUCT('Body002','Body002','',(#1664));
#1664 = PRODUCT_CONTEXT('',#2,'mechanical');
#1665 = PRODUCT_DEFINITION_CONTEXT('part definition',#2,'design');
#1666 = ADVANCED_BREP_SHAPE_REPRESENTATION('',(#11,#1667),#1817);
#1667 = MANIFOLD_SOLID_BREP('',#1668);
#1668 = CLOSED_SHELL('',(#1669,#1709,#1740,#1771,#1793,#1805));
#1669 = ADVANCED_FACE('',(#1670),#1704,.T.);
#1670 = FACE_BOUND('',#1671,.T.);
#1671 = EDGE_LOOP('',(#1672,#1682,#1690,#1698));
#1672 = ORIENTED_EDGE('',*,*,#1673,.T.);
#1673 = EDGE_CURVE('',#1674,#1676,#1678,.T.);
#1674 = VERTEX_POINT('',#1675);
#1675 = CARTESIAN_POINT('',(1.5,-5.329070518201E-16,-2.4));
#1676 = VERTEX_POINT('',#1677);
#1677 = CARTESIAN_POINT('',(1.5,0.11,-2.4));
#1678 = LINE('',#1679,#1680);
#1679 = CARTESIAN_POINT('',(1.5,-5.329070518201E-16,-2.4));
#1680 = VECTOR('',#1681,1.);
#1681 = DIRECTION('',(-0.,1.,-2.22044604925E-16));
#1682 = ORIENTED_EDGE('',*,*,#1683,.T.);
#1683 = EDGE_CURVE('',#1676,#1684,#1686,.T.);
#1684 = VERTEX_POINT('',#1685);
#1685 = CARTESIAN_POINT('',(1.5,0.11,2.4));
#1686 = LINE('',#1687,#1688);
#1687 = CARTESIAN_POINT('',(1.5,0.11,-2.4));
#1688 = VECTOR('',#1689,1.);
#1689 = DIRECTION('',(0.,2.22044604925E-16,1.));
#1690 = ORIENTED_EDGE('',*,*,#1691,.F.);
#1691 = EDGE_CURVE('',#1692,#1684,#1694,.T.);
#1692 = VERTEX_POINT('',#1693);
#1693 = CARTESIAN_POINT('',(1.5,5.329070518201E-16,2.4));
#1694 = LINE('',#1695,#1696);
#1695 = CARTESIAN_POINT('',(1.5,5.329070518201E-16,2.4));
#1696 = VECTOR('',#1697,1.);
#1697 = DIRECTION('',(-0.,1.,-2.22044604925E-16));
#1698 = ORIENTED_EDGE('',*,*,#1699,.F.);
#1699 = EDGE_CURVE('',#1674,#1692,#1700,.T.);
#1700 = LINE('',#1701,#1702);
#1701 = CARTESIAN_POINT('',(1.5,-5.329070518201E-16,-2.4));
#1702 = VECTOR('',#1703,1.);
#1703 = DIRECTION('',(0.,2.22044604925E-16,1.));
#1704 = PLANE('',#1705);
#1705 = AXIS2_PLACEMENT_3D('',#1706,#1707,#1708);
#1706 = CARTESIAN_POINT('',(1.5,-5.329070518201E-16,-2.4));
#1707 = DIRECTION('',(1.,0.,0.));
#1708 = DIRECTION('',(0.,2.22044604925E-16,1.));
#1709 = ADVANCED_FACE('',(#1710),#1735,.T.);
#1710 = FACE_BOUND('',#1711,.T.);
#1711 = EDGE_LOOP('',(#1712,#1713,#1721,#1729));
#1712 = ORIENTED_EDGE('',*,*,#1691,.T.);
#1713 = ORIENTED_EDGE('',*,*,#1714,.T.);
#1714 = EDGE_CURVE('',#1684,#1715,#1717,.T.);
#1715 = VERTEX_POINT('',#1716);
#1716 = CARTESIAN_POINT('',(-1.5,0.11,2.4));
#1717 = LINE('',#1718,#1719);
#1718 = CARTESIAN_POINT('',(1.5,0.11,2.4));
#1719 = VECTOR('',#1720,1.);
#1720 = DIRECTION('',(-1.,0.,0.));
#1721 = ORIENTED_EDGE('',*,*,#1722,.F.);
#1722 = EDGE_CURVE('',#1723,#1715,#1725,.T.);
#1723 = VERTEX_POINT('',#1724);
#1724 = CARTESIAN_POINT('',(-1.5,5.329070518201E-16,2.4));
#1725 = LINE('',#1726,#1727);
#1726 = CARTESIAN_POINT('',(-1.5,5.329070518201E-16,2.4));
#1727 = VECTOR('',#1728,1.);
#1728 = DIRECTION('',(-0.,1.,-2.22044604925E-16));
#1729 = ORIENTED_EDGE('',*,*,#1730,.F.);
#1730 = EDGE_CURVE('',#1692,#1723,#1731,.T.);
#1731 = LINE('',#1732,#1733);
#1732 = CARTESIAN_POINT('',(1.5,5.329070518201E-16,2.4));
#1733 = VECTOR('',#1734,1.);
#1734 = DIRECTION('',(-1.,0.,0.));
#1735 = PLANE('',#1736);
#1736 = AXIS2_PLACEMENT_3D('',#1737,#1738,#1739);
#1737 = CARTESIAN_POINT('',(1.5,5.329070518201E-16,2.4));
#1738 = DIRECTION('',(0.,2.22044604925E-16,1.));
#1739 = DIRECTION('',(-1.,-0.,0.));
#1740 = ADVANCED_FACE('',(#1741),#1766,.T.);
#1741 = FACE_BOUND('',#1742,.T.);
#1742 = EDGE_LOOP('',(#1743,#1744,#1752,#1760));
#1743 = ORIENTED_EDGE('',*,*,#1722,.T.);
#1744 = ORIENTED_EDGE('',*,*,#1745,.T.);
#1745 = EDGE_CURVE('',#1715,#1746,#1748,.T.);
#1746 = VERTEX_POINT('',#1747);
#1747 = CARTESIAN_POINT('',(-1.5,0.11,-2.4));
#1748 = LINE('',#1749,#1750);
#1749 = CARTESIAN_POINT('',(-1.5,0.11,2.4));
#1750 = VECTOR('',#1751,1.);
#1751 = DIRECTION('',(0.,-2.22044604925E-16,-1.));
#1752 = ORIENTED_EDGE('',*,*,#1753,.F.);
#1753 = EDGE_CURVE('',#1754,#1746,#1756,.T.);
#1754 = VERTEX_POINT('',#1755);
#1755 = CARTESIAN_POINT('',(-1.5,-5.329070518201E-16,-2.4));
#1756 = LINE('',#1757,#1758);
#1757 = CARTESIAN_POINT('',(-1.5,-5.329070518201E-16,-2.4));
#1758 = VECTOR('',#1759,1.);
#1759 = DIRECTION('',(-0.,1.,-2.22044604925E-16));
#1760 = ORIENTED_EDGE('',*,*,#1761,.F.);
#1761 = EDGE_CURVE('',#1723,#1754,#1762,.T.);
#1762 = LINE('',#1763,#1764);
#1763 = CARTESIAN_POINT('',(-1.5,5.329070518201E-16,2.4));
#1764 = VECTOR('',#1765,1.);
#1765 = DIRECTION('',(0.,-2.22044604925E-16,-1.));
#1766 = PLANE('',#1767);
#1767 = AXIS2_PLACEMENT_3D('',#1768,#1769,#1770);
#1768 = CARTESIAN_POINT('',(-1.5,5.329070518201E-16,2.4));
#1769 = DIRECTION('',(-1.,-0.,0.));
#1770 = DIRECTION('',(0.,-2.22044604925E-16,-1.));
#1771 = ADVANCED_FACE('',(#1772),#1788,.T.);
#1772 = FACE_BOUND('',#1773,.T.);
#1773 = EDGE_LOOP('',(#1774,#1775,#1781,#1782));
#1774 = ORIENTED_EDGE('',*,*,#1753,.T.);
#1775 = ORIENTED_EDGE('',*,*,#1776,.T.);
#1776 = EDGE_CURVE('',#1746,#1676,#1777,.T.);
#1777 = LINE('',#1778,#1779);
#1778 = CARTESIAN_POINT('',(-1.5,0.11,-2.4));
#1779 = VECTOR('',#1780,1.);
#1780 = DIRECTION('',(1.,0.,0.));
#1781 = ORIENTED_EDGE('',*,*,#1673,.F.);
#1782 = ORIENTED_EDGE('',*,*,#1783,.F.);
#1783 = EDGE_CURVE('',#1754,#1674,#1784,.T.);
#1784 = LINE('',#1785,#1786);
#1785 = CARTESIAN_POINT('',(-1.5,-5.329070518201E-16,-2.4));
#1786 = VECTOR('',#1787,1.);
#1787 = DIRECTION('',(1.,0.,0.));
#1788 = PLANE('',#1789);
#1789 = AXIS2_PLACEMENT_3D('',#1790,#1791,#1792);
#1790 = CARTESIAN_POINT('',(-1.5,-5.329070518201E-16,-2.4));
#1791 = DIRECTION('',(0.,-2.22044604925E-16,-1.));
#1792 = DIRECTION('',(1.,0.,0.));
#1793 = ADVANCED_FACE('',(#1794),#1800,.F.);
#1794 = FACE_BOUND('',#1795,.T.);
#1795 = EDGE_LOOP('',(#1796,#1797,#1798,#1799));
#1796 = ORIENTED_EDGE('',*,*,#1699,.T.);
#1797 = ORIENTED_EDGE('',*,*,#1730,.T.);
#1798 = ORIENTED_EDGE('',*,*,#1761,.T.);
#1799 = ORIENTED_EDGE('',*,*,#1783,.T.);
#1800 = PLANE('',#1801);
#1801 = AXIS2_PLACEMENT_3D('',#1802,#1803,#1804);
#1802 = CARTESIAN_POINT('',(0.,0.,0.));
#1803 = DIRECTION('',(0.,1.,0.));
#1804 = DIRECTION('',(0.,0.,1.));
#1805 = ADVANCED_FACE('',(#1806),#1812,.T.);
#1806 = FACE_BOUND('',#1807,.F.);
#1807 = EDGE_LOOP('',(#1808,#1809,#1810,#1811));
#1808 = ORIENTED_EDGE('',*,*,#1683,.T.);
#1809 = ORIENTED_EDGE('',*,*,#1714,.T.);
#1810 = ORIENTED_EDGE('',*,*,#1745,.T.);
#1811 = ORIENTED_EDGE('',*,*,#1776,.T.);
#1812 = PLANE('',#1813);
#1813 = AXIS2_PLACEMENT_3D('',#1814,#1815,#1816);
#1814 = CARTESIAN_POINT('',(0.,0.11,-2.775557561563E-17));
#1815 = DIRECTION('',(0.,1.,0.));
#1816 = DIRECTION('',(0.,0.,1.));
#1817 = ( GEOMETRIC_REPRESENTATION_CONTEXT(3) 
GLOBAL_UNCERTAINTY_ASSIGNED_CONTEXT((#1821)) 
GLOBAL_UNIT_ASSIGNED_CONTEXT((#1818,#1819,#1820)) REPRESENTATION_CONTEXT
('Context #1','3D Context with UNIT and UNCERTAINTY') );
#1818 = ( LENGTH_UNIT() NAMED_UNIT(*) SI_UNIT(.MILLI.,.METRE.) );
#1819 = ( NAMED_UNIT(*) PLANE_ANGLE_UNIT() SI_UNIT($,.RADIAN.) );
#1820 = ( NAMED_UNIT(*) SI_UNIT($,.STERADIAN.) SOLID_ANGLE_UNIT() );
#1821 = UNCERTAINTY_MEASURE_WITH_UNIT(LENGTH_MEASURE(1.E-07),#1818,
  'distance_accuracy_value','confusion accuracy');
#1822 = CONTEXT_DEPENDENT_SHAPE_REPRESENTATION(#1823,#1825);
#1823 = ( REPRESENTATION_RELATIONSHIP('','',#1666,#10) 
REPRESENTATION_RELATIONSHIP_WITH_TRANSFORMATION(#1824) 
SHAPE_REPRESENTATION_RELATIONSHIP() );
#1824 = ITEM_DEFINED_TRANSFORMATION('','',#11,#27);
#1825 = PRODUCT_DEFINITION_SHAPE('Placement','Placement of an item',
  #1826);
#1826 = NEXT_ASSEMBLY_USAGE_OCCURRENCE('69318','Body002','',#5,#1661,$);
#1827 = PRODUCT_RELATED_PRODUCT_CATEGORY('part',$,(#1663));
#1828 = SHAPE_DEFINITION_REPRESENTATION(#1829,#1835);
#1829 = PRODUCT_DEFINITION_SHAPE('','',#1830);
#1830 = PRODUCT_DEFINITION('design','',#1831,#1834);
#1831 = PRODUCT_DEFINITION_FORMATION('','',#1832);
#1832 = PRODUCT('Body003','Body003','',(#1833));
#1833 = PRODUCT_CONTEXT('',#2,'mechanical');
#1834 = PRODUCT_DEFINITION_CONTEXT('part definition',#2,'design');
#1835 = ADVANCED_BREP_SHAPE_REPRESENTATION('',(#11,#1836),#1889);
#1836 = MANIFOLD_SOLID_BREP('',#1837);
#1837 = CLOSED_SHELL('',(#1838,#1871,#1880));
#1838 = ADVANCED_FACE('',(#1839),#1866,.T.);
#1839 = FACE_BOUND('',#1840,.F.);
#1840 = EDGE_LOOP('',(#1841,#1851,#1858,#1859));
#1841 = ORIENTED_EDGE('',*,*,#1842,.T.);
#1842 = EDGE_CURVE('',#1843,#1845,#1847,.T.);
#1843 = VERTEX_POINT('',#1844);
#1844 = CARTESIAN_POINT('',(-1.832142857143,1.026666666667,
    -4.207142857143));
#1845 = VERTEX_POINT('',#1846);
#1846 = CARTESIAN_POINT('',(-1.832142857143,1.1,-4.207142857143));
#1847 = LINE('',#1848,#1849);
#1848 = CARTESIAN_POINT('',(-1.832142857143,1.026666666667,
    -4.207142857143));
#1849 = VECTOR('',#1850,1.);
#1850 = DIRECTION('',(0.,1.,-2.22044604925E-16));
#1851 = ORIENTED_EDGE('',*,*,#1852,.T.);
#1852 = EDGE_CURVE('',#1845,#1845,#1853,.T.);
#1853 = CIRCLE('',#1854,0.225);
#1854 = AXIS2_PLACEMENT_3D('',#1855,#1856,#1857);
#1855 = CARTESIAN_POINT('',(-1.607142857143,1.1,-4.207142857143));
#1856 = DIRECTION('',(0.,1.,-2.22044604925E-16));
#1857 = DIRECTION('',(-1.,0.,0.));
#1858 = ORIENTED_EDGE('',*,*,#1842,.F.);
#1859 = ORIENTED_EDGE('',*,*,#1860,.F.);
#1860 = EDGE_CURVE('',#1843,#1843,#1861,.T.);
#1861 = CIRCLE('',#1862,0.225);
#1862 = AXIS2_PLACEMENT_3D('',#1863,#1864,#1865);
#1863 = CARTESIAN_POINT('',(-1.607142857143,1.026666666667,
    -4.207142857143));
#1864 = DIRECTION('',(0.,1.,-2.22044604925E-16));
#1865 = DIRECTION('',(-1.,0.,0.));
#1866 = CYLINDRICAL_SURFACE('',#1867,0.225);
#1867 = AXIS2_PLACEMENT_3D('',#1868,#1869,#1870);
#1868 = CARTESIAN_POINT('',(-1.607142857143,1.026666666667,
    -4.207142857143));
#1869 = DIRECTION('',(0.,-1.,2.22044604925E-16));
#1870 = DIRECTION('',(-1.,0.,0.));
#1871 = ADVANCED_FACE('',(#1872),#1875,.F.);
#1872 = FACE_BOUND('',#1873,.F.);
#1873 = EDGE_LOOP('',(#1874));
#1874 = ORIENTED_EDGE('',*,*,#1860,.T.);
#1875 = PLANE('',#1876);
#1876 = AXIS2_PLACEMENT_3D('',#1877,#1878,#1879);
#1877 = CARTESIAN_POINT('',(-1.607142857143,1.026666666667,
    -4.207142857143));
#1878 = DIRECTION('',(0.,1.,0.));
#1879 = DIRECTION('',(0.,0.,1.));
#1880 = ADVANCED_FACE('',(#1881),#1884,.T.);
#1881 = FACE_BOUND('',#1882,.T.);
#1882 = EDGE_LOOP('',(#1883));
#1883 = ORIENTED_EDGE('',*,*,#1852,.T.);
#1884 = PLANE('',#1885);
#1885 = AXIS2_PLACEMENT_3D('',#1886,#1887,#1888);
#1886 = CARTESIAN_POINT('',(-1.607142857143,1.1,-4.207142857143));
#1887 = DIRECTION('',(0.,1.,0.));
#1888 = DIRECTION('',(0.,0.,1.));
#1889 = ( GEOMETRIC_REPRESENTATION_CONTEXT(3) 
GLOBAL_UNCERTAINTY_ASSIGNED_CONTEXT((#1893)) 
GLOBAL_UNIT_ASSIGNED_CONTEXT((#1890,#1891,#1892)) REPRESENTATION_CONTEXT
('Context #1','3D Context with UNIT and UNCERTAINTY') );
#1890 = ( LENGTH_UNIT() NAMED_UNIT(*) SI_UNIT(.MILLI.,.METRE.) );
#1891 = ( NAMED_UNIT(*) PLANE_ANGLE_UNIT() SI_UNIT($,.RADIAN.) );
#1892 = ( NAMED_UNIT(*) SI_UNIT($,.STERADIAN.) SOLID_ANGLE_UNIT() );
#1893 = UNCERTAINTY_MEASURE_WITH_UNIT(LENGTH_MEASURE(1.E-07),#1890,
  'distance_accuracy_value','confusion accuracy');
#1894 = CONTEXT_DEPENDENT_SHAPE_REPRESENTATION(#1895,#1897);
#1895 = ( REPRESENTATION_RELATIONSHIP('','',#1835,#10) 
REPRESENTATION_RELATIONSHIP_WITH_TRANSFORMATION(#1896) 
SHAPE_REPRESENTATION_RELATIONSHIP() );
#1896 = ITEM_DEFINED_TRANSFORMATION('','',#11,#31);
#1897 = PRODUCT_DEFINITION_SHAPE('Placement','Placement of an item',
  #1898);
#1898 = NEXT_ASSEMBLY_USAGE_OCCURRENCE('69319','Body003','',#5,#1830,$);
#1899 = PRODUCT_RELATED_PRODUCT_CATEGORY('part',$,(#1832));
#1900 = SHAPE_DEFINITION_REPRESENTATION(#1901,#1907);
#1901 = PRODUCT_DEFINITION_SHAPE('','',#1902);
#1902 = PRODUCT_DEFINITION('design','',#1903,#1906);
#1903 = PRODUCT_DEFINITION_FORMATION('','',#1904);
#1904 = PRODUCT('Pad002','Pad002','',(#1905));
#1905 = PRODUCT_CONTEXT('',#2,'mechanical');
#1906 = PRODUCT_DEFINITION_CONTEXT('part definition',#2,'design');
#1907 = ADVANCED_BREP_SHAPE_REPRESENTATION('',(#11,#1908),#2058);
#1908 = MANIFOLD_SOLID_BREP('',#1909);
#1909 = CLOSED_SHELL('',(#1910,#1950,#1981,#2012,#2034,#2046));
#1910 = ADVANCED_FACE('',(#1911),#1945,.T.);
#1911 = FACE_BOUND('',#1912,.T.);
#1912 = EDGE_LOOP('',(#1913,#1923,#1931,#1939));
#1913 = ORIENTED_EDGE('',*,*,#1914,.T.);
#1914 = EDGE_CURVE('',#1915,#1917,#1919,.T.);
#1915 = VERTEX_POINT('',#1916);
#1916 = CARTESIAN_POINT('',(1.5,-2.4,1.06581410364E-15));
#1917 = VERTEX_POINT('',#1918);
#1918 = CARTESIAN_POINT('',(1.5,-2.4,-0.11));
#1919 = LINE('',#1920,#1921);
#1920 = CARTESIAN_POINT('',(1.5,-2.4,1.06581410364E-15));
#1921 = VECTOR('',#1922,1.);
#1922 = DIRECTION('',(-0.,-4.440892098501E-16,-1.));
#1923 = ORIENTED_EDGE('',*,*,#1924,.T.);
#1924 = EDGE_CURVE('',#1917,#1925,#1927,.T.);
#1925 = VERTEX_POINT('',#1926);
#1926 = CARTESIAN_POINT('',(1.5,2.4,-0.11));
#1927 = LINE('',#1928,#1929);
#1928 = CARTESIAN_POINT('',(1.5,-2.4,-0.11));
#1929 = VECTOR('',#1930,1.);
#1930 = DIRECTION('',(0.,1.,-4.440892098501E-16));
#1931 = ORIENTED_EDGE('',*,*,#1932,.F.);
#1932 = EDGE_CURVE('',#1933,#1925,#1935,.T.);
#1933 = VERTEX_POINT('',#1934);
#1934 = CARTESIAN_POINT('',(1.5,2.4,-1.06581410364E-15));
#1935 = LINE('',#1936,#1937);
#1936 = CARTESIAN_POINT('',(1.5,2.4,-1.06581410364E-15));
#1937 = VECTOR('',#1938,1.);
#1938 = DIRECTION('',(-0.,-4.440892098501E-16,-1.));
#1939 = ORIENTED_EDGE('',*,*,#1940,.F.);
#1940 = EDGE_CURVE('',#1915,#1933,#1941,.T.);
#1941 = LINE('',#1942,#1943);
#1942 = CARTESIAN_POINT('',(1.5,-2.4,1.06581410364E-15));
#1943 = VECTOR('',#1944,1.);
#1944 = DIRECTION('',(0.,1.,-4.440892098501E-16));
#1945 = PLANE('',#1946);
#1946 = AXIS2_PLACEMENT_3D('',#1947,#1948,#1949);
#1947 = CARTESIAN_POINT('',(1.5,-2.4,1.06581410364E-15));
#1948 = DIRECTION('',(1.,-0.,0.));
#1949 = DIRECTION('',(0.,1.,-4.440892098501E-16));
#1950 = ADVANCED_FACE('',(#1951),#1976,.T.);
#1951 = FACE_BOUND('',#1952,.T.);
#1952 = EDGE_LOOP('',(#1953,#1954,#1962,#1970));
#1953 = ORIENTED_EDGE('',*,*,#1932,.T.);
#1954 = ORIENTED_EDGE('',*,*,#1955,.T.);
#1955 = EDGE_CURVE('',#1925,#1956,#1958,.T.);
#1956 = VERTEX_POINT('',#1957);
#1957 = CARTESIAN_POINT('',(-1.5,2.4,-0.11));
#1958 = LINE('',#1959,#1960);
#1959 = CARTESIAN_POINT('',(1.5,2.4,-0.11));
#1960 = VECTOR('',#1961,1.);
#1961 = DIRECTION('',(-1.,0.,0.));
#1962 = ORIENTED_EDGE('',*,*,#1963,.F.);
#1963 = EDGE_CURVE('',#1964,#1956,#1966,.T.);
#1964 = VERTEX_POINT('',#1965);
#1965 = CARTESIAN_POINT('',(-1.5,2.4,-1.06581410364E-15));
#1966 = LINE('',#1967,#1968);
#1967 = CARTESIAN_POINT('',(-1.5,2.4,-1.06581410364E-15));
#1968 = VECTOR('',#1969,1.);
#1969 = DIRECTION('',(-0.,-4.440892098501E-16,-1.));
#1970 = ORIENTED_EDGE('',*,*,#1971,.F.);
#1971 = EDGE_CURVE('',#1933,#1964,#1972,.T.);
#1972 = LINE('',#1973,#1974);
#1973 = CARTESIAN_POINT('',(1.5,2.4,-1.06581410364E-15));
#1974 = VECTOR('',#1975,1.);
#1975 = DIRECTION('',(-1.,0.,0.));
#1976 = PLANE('',#1977);
#1977 = AXIS2_PLACEMENT_3D('',#1978,#1979,#1980);
#1978 = CARTESIAN_POINT('',(1.5,2.4,-1.06581410364E-15));
#1979 = DIRECTION('',(0.,1.,-4.440892098501E-16));
#1980 = DIRECTION('',(-1.,0.,0.));
#1981 = ADVANCED_FACE('',(#1982),#2007,.T.);
#1982 = FACE_BOUND('',#1983,.T.);
#1983 = EDGE_LOOP('',(#1984,#1985,#1993,#2001));
#1984 = ORIENTED_EDGE('',*,*,#1963,.T.);
#1985 = ORIENTED_EDGE('',*,*,#1986,.T.);
#1986 = EDGE_CURVE('',#1956,#1987,#1989,.T.);
#1987 = VERTEX_POINT('',#1988);
#1988 = CARTESIAN_POINT('',(-1.5,-2.4,-0.11));
#1989 = LINE('',#1990,#1991);
#1990 = CARTESIAN_POINT('',(-1.5,2.4,-0.11));
#1991 = VECTOR('',#1992,1.);
#1992 = DIRECTION('',(0.,-1.,4.440892098501E-16));
#1993 = ORIENTED_EDGE('',*,*,#1994,.F.);
#1994 = EDGE_CURVE('',#1995,#1987,#1997,.T.);
#1995 = VERTEX_POINT('',#1996);
#1996 = CARTESIAN_POINT('',(-1.5,-2.4,1.06581410364E-15));
#1997 = LINE('',#1998,#1999);
#1998 = CARTESIAN_POINT('',(-1.5,-2.4,1.06581410364E-15));
#1999 = VECTOR('',#2000,1.);
#2000 = DIRECTION('',(-0.,-4.440892098501E-16,-1.));
#2001 = ORIENTED_EDGE('',*,*,#2002,.F.);
#2002 = EDGE_CURVE('',#1964,#1995,#2003,.T.);
#2003 = LINE('',#2004,#2005);
#2004 = CARTESIAN_POINT('',(-1.5,2.4,-1.06581410364E-15));
#2005 = VECTOR('',#2006,1.);
#2006 = DIRECTION('',(0.,-1.,4.440892098501E-16));
#2007 = PLANE('',#2008);
#2008 = AXIS2_PLACEMENT_3D('',#2009,#2010,#2011);
#2009 = CARTESIAN_POINT('',(-1.5,2.4,-1.06581410364E-15));
#2010 = DIRECTION('',(-1.,0.,0.));
#2011 = DIRECTION('',(0.,-1.,4.440892098501E-16));
#2012 = ADVANCED_FACE('',(#2013),#2029,.T.);
#2013 = FACE_BOUND('',#2014,.T.);
#2014 = EDGE_LOOP('',(#2015,#2016,#2022,#2023));
#2015 = ORIENTED_EDGE('',*,*,#1994,.T.);
#2016 = ORIENTED_EDGE('',*,*,#2017,.T.);
#2017 = EDGE_CURVE('',#1987,#1917,#2018,.T.);
#2018 = LINE('',#2019,#2020);
#2019 = CARTESIAN_POINT('',(-1.5,-2.4,-0.11));
#2020 = VECTOR('',#2021,1.);
#2021 = DIRECTION('',(1.,0.,0.));
#2022 = ORIENTED_EDGE('',*,*,#1914,.F.);
#2023 = ORIENTED_EDGE('',*,*,#2024,.F.);
#2024 = EDGE_CURVE('',#1995,#1915,#2025,.T.);
#2025 = LINE('',#2026,#2027);
#2026 = CARTESIAN_POINT('',(-1.5,-2.4,1.06581410364E-15));
#2027 = VECTOR('',#2028,1.);
#2028 = DIRECTION('',(1.,0.,0.));
#2029 = PLANE('',#2030);
#2030 = AXIS2_PLACEMENT_3D('',#2031,#2032,#2033);
#2031 = CARTESIAN_POINT('',(-1.5,-2.4,1.06581410364E-15));
#2032 = DIRECTION('',(0.,-1.,4.440892098501E-16));
#2033 = DIRECTION('',(1.,0.,0.));
#2034 = ADVANCED_FACE('',(#2035),#2041,.F.);
#2035 = FACE_BOUND('',#2036,.T.);
#2036 = EDGE_LOOP('',(#2037,#2038,#2039,#2040));
#2037 = ORIENTED_EDGE('',*,*,#1940,.T.);
#2038 = ORIENTED_EDGE('',*,*,#1971,.T.);
#2039 = ORIENTED_EDGE('',*,*,#2002,.T.);
#2040 = ORIENTED_EDGE('',*,*,#2024,.T.);
#2041 = PLANE('',#2042);
#2042 = AXIS2_PLACEMENT_3D('',#2043,#2044,#2045);
#2043 = CARTESIAN_POINT('',(0.,0.,0.));
#2044 = DIRECTION('',(0.,-2.22044604925E-16,-1.));
#2045 = DIRECTION('',(0.,1.,-2.22044604925E-16));
#2046 = ADVANCED_FACE('',(#2047),#2053,.T.);
#2047 = FACE_BOUND('',#2048,.F.);
#2048 = EDGE_LOOP('',(#2049,#2050,#2051,#2052));
#2049 = ORIENTED_EDGE('',*,*,#1924,.T.);
#2050 = ORIENTED_EDGE('',*,*,#1955,.T.);
#2051 = ORIENTED_EDGE('',*,*,#1986,.T.);
#2052 = ORIENTED_EDGE('',*,*,#2017,.T.);
#2053 = PLANE('',#2054);
#2054 = AXIS2_PLACEMENT_3D('',#2055,#2056,#2057);
#2055 = CARTESIAN_POINT('',(0.,-4.884981308351E-17,-0.11));
#2056 = DIRECTION('',(0.,-2.22044604925E-16,-1.));
#2057 = DIRECTION('',(0.,1.,-2.22044604925E-16));
#2058 = ( GEOMETRIC_REPRESENTATION_CONTEXT(3) 
GLOBAL_UNCERTAINTY_ASSIGNED_CONTEXT((#2062)) 
GLOBAL_UNIT_ASSIGNED_CONTEXT((#2059,#2060,#2061)) REPRESENTATION_CONTEXT
('Context #1','3D Context with UNIT and UNCERTAINTY') );
#2059 = ( LENGTH_UNIT() NAMED_UNIT(*) SI_UNIT(.MILLI.,.METRE.) );
#2060 = ( NAMED_UNIT(*) PLANE_ANGLE_UNIT() SI_UNIT($,.RADIAN.) );
#2061 = ( NAMED_UNIT(*) SI_UNIT($,.STERADIAN.) SOLID_ANGLE_UNIT() );
#2062 = UNCERTAINTY_MEASURE_WITH_UNIT(LENGTH_MEASURE(1.E-07),#2059,
  'distance_accuracy_value','confusion accuracy');
#2063 = CONTEXT_DEPENDENT_SHAPE_REPRESENTATION(#2064,#2066);
#2064 = ( REPRESENTATION_RELATIONSHIP('','',#1907,#10) 
REPRESENTATION_RELATIONSHIP_WITH_TRANSFORMATION(#2065) 
SHAPE_REPRESENTATION_RELATIONSHIP() );
#2065 = ITEM_DEFINED_TRANSFORMATION('','',#11,#35);
#2066 = PRODUCT_DEFINITION_SHAPE('Placement','Placement of an item',
  #2067);
#2067 = NEXT_ASSEMBLY_USAGE_OCCURRENCE('69320','Pad002','',#5,#1902,$);
#2068 = PRODUCT_RELATED_PRODUCT_CATEGORY('part',$,(#1904));
#2069 = SHAPE_DEFINITION_REPRESENTATION(#2070,#2076);
#2070 = PRODUCT_DEFINITION_SHAPE('','',#2071);
#2071 = PRODUCT_DEFINITION('design','',#2072,#2075);
#2072 = PRODUCT_DEFINITION_FORMATION('','',#2073);
#2073 = PRODUCT('XY-plane','XY-plane','',(#2074));
#2074 = PRODUCT_CONTEXT('',#2,'mechanical');
#2075 = PRODUCT_DEFINITION_CONTEXT('part definition',#2,'design');
#2076 = MANIFOLD_SURFACE_SHAPE_REPRESENTATION('',(#11),#2077);
#2077 = ( GEOMETRIC_REPRESENTATION_CONTEXT(3) 
GLOBAL_UNCERTAINTY_ASSIGNED_CONTEXT((#2081)) 
GLOBAL_UNIT_ASSIGNED_CONTEXT((#2078,#2079,#2080)) REPRESENTATION_CONTEXT
('Context #1','3D Context with UNIT and UNCERTAINTY') );
#2078 = ( LENGTH_UNIT() NAMED_UNIT(*) SI_UNIT(.MILLI.,.METRE.) );
#2079 = ( NAMED_UNIT(*) PLANE_ANGLE_UNIT() SI_UNIT($,.RADIAN.) );
#2080 = ( NAMED_UNIT(*) SI_UNIT($,.STERADIAN.) SOLID_ANGLE_UNIT() );
#2081 = UNCERTAINTY_MEASURE_WITH_UNIT(LENGTH_MEASURE(1.E-07),#2078,
  'distance_accuracy_value','confusion accuracy');
#2082 = CONTEXT_DEPENDENT_SHAPE_REPRESENTATION(#2083,#2085);
#2083 = ( REPRESENTATION_RELATIONSHIP('','',#2076,#10) 
REPRESENTATION_RELATIONSHIP_WITH_TRANSFORMATION(#2084) 
SHAPE_REPRESENTATION_RELATIONSHIP() );
#2084 = ITEM_DEFINED_TRANSFORMATION('','',#11,#39);
#2085 = PRODUCT_DEFINITION_SHAPE('Placement','Placement of an item',
  #2086);
#2086 = NEXT_ASSEMBLY_USAGE_OCCURRENCE('69321','XY-plane','',#5,#2071,$
  );
#2087 = PRODUCT_RELATED_PRODUCT_CATEGORY('part',$,(#2073));
#2088 = CONTEXT_DEPENDENT_SHAPE_REPRESENTATION(#2089,#2091);
#2089 = ( REPRESENTATION_RELATIONSHIP('','',#2076,#10) 
REPRESENTATION_RELATIONSHIP_WITH_TRANSFORMATION(#2090) 
SHAPE_REPRESENTATION_RELATIONSHIP() );
#2090 = ITEM_DEFINED_TRANSFORMATION('','',#11,#43);
#2091 = PRODUCT_DEFINITION_SHAPE('Placement','Placement of an item',
  #2092);
#2092 = NEXT_ASSEMBLY_USAGE_OCCURRENCE('69322','XY-plane001','',#5,#2071
  ,$);
#2093 = CONTEXT_DEPENDENT_SHAPE_REPRESENTATION(#2094,#2096);
#2094 = ( REPRESENTATION_RELATIONSHIP('','',#2076,#10) 
REPRESENTATION_RELATIONSHIP_WITH_TRANSFORMATION(#2095) 
SHAPE_REPRESENTATION_RELATIONSHIP() );
#2095 = ITEM_DEFINED_TRANSFORMATION('','',#11,#47);
#2096 = PRODUCT_DEFINITION_SHAPE('Placement','Placement of an item',
  #2097);
#2097 = NEXT_ASSEMBLY_USAGE_OCCURRENCE('69323','XY-plane002','',#5,#2071
  ,$);
#2098 = CONTEXT_DEPENDENT_SHAPE_REPRESENTATION(#2099,#2101);
#2099 = ( REPRESENTATION_RELATIONSHIP('','',#2076,#10) 
REPRESENTATION_RELATIONSHIP_WITH_TRANSFORMATION(#2100) 
SHAPE_REPRESENTATION_RELATIONSHIP() );
#2100 = ITEM_DEFINED_TRANSFORMATION('','',#11,#51);
#2101 = PRODUCT_DEFINITION_SHAPE('Placement','Placement of an item',
  #2102);
#2102 = NEXT_ASSEMBLY_USAGE_OCCURRENCE('69324','XY-plane003','',#5,#2071
  ,$);
#2103 = CONTEXT_DEPENDENT_SHAPE_REPRESENTATION(#2104,#2106);
#2104 = ( REPRESENTATION_RELATIONSHIP('','',#2076,#10) 
REPRESENTATION_RELATIONSHIP_WITH_TRANSFORMATION(#2105) 
SHAPE_REPRESENTATION_RELATIONSHIP() );
#2105 = ITEM_DEFINED_TRANSFORMATION('','',#11,#55);
#2106 = PRODUCT_DEFINITION_SHAPE('Placement','Placement of an item',
  #2107);
#2107 = NEXT_ASSEMBLY_USAGE_OCCURRENCE('69325','XZ-plane','',#5,#2071,$
  );
#2108 = CONTEXT_DEPENDENT_SHAPE_REPRESENTATION(#2109,#2111);
#2109 = ( REPRESENTATION_RELATIONSHIP('','',#2076,#10) 
REPRESENTATION_RELATIONSHIP_WITH_TRANSFORMATION(#2110) 
SHAPE_REPRESENTATION_RELATIONSHIP() );
#2110 = ITEM_DEFINED_TRANSFORMATION('','',#11,#59);
#2111 = PRODUCT_DEFINITION_SHAPE('Placement','Placement of an item',
  #2112);
#2112 = NEXT_ASSEMBLY_USAGE_OCCURRENCE('69326','XZ-plane001','',#5,#2071
  ,$);
#2113 = CONTEXT_DEPENDENT_SHAPE_REPRESENTATION(#2114,#2116);
#2114 = ( REPRESENTATION_RELATIONSHIP('','',#2076,#10) 
REPRESENTATION_RELATIONSHIP_WITH_TRANSFORMATION(#2115) 
SHAPE_REPRESENTATION_RELATIONSHIP() );
#2115 = ITEM_DEFINED_TRANSFORMATION('','',#11,#63);
#2116 = PRODUCT_DEFINITION_SHAPE('Placement','Placement of an item',
  #2117);
#2117 = NEXT_ASSEMBLY_USAGE_OCCURRENCE('69327','XZ-plane002','',#5,#2071
  ,$);
#2118 = CONTEXT_DEPENDENT_SHAPE_REPRESENTATION(#2119,#2121);
#2119 = ( REPRESENTATION_RELATIONSHIP('','',#2076,#10) 
REPRESENTATION_RELATIONSHIP_WITH_TRANSFORMATION(#2120) 
SHAPE_REPRESENTATION_RELATIONSHIP() );
#2120 = ITEM_DEFINED_TRANSFORMATION('','',#11,#67);
#2121 = PRODUCT_DEFINITION_SHAPE('Placement','Placement of an item',
  #2122);
#2122 = NEXT_ASSEMBLY_USAGE_OCCURRENCE('69328','XZ-plane003','',#5,#2071
  ,$);
#2123 = SHAPE_DEFINITION_REPRESENTATION(#2124,#2130);
#2124 = PRODUCT_DEFINITION_SHAPE('','',#2125);
#2125 = PRODUCT_DEFINITION('design','',#2126,#2129);
#2126 = PRODUCT_DEFINITION_FORMATION('','',#2127);
#2127 = PRODUCT('X-axis','X-axis','',(#2128));
#2128 = PRODUCT_CONTEXT('',#2,'mechanical');
#2129 = PRODUCT_DEFINITION_CONTEXT('part definition',#2,'design');
#2130 = GEOMETRICALLY_BOUNDED_WIREFRAME_SHAPE_REPRESENTATION('',(#11,
    #2131),#2136);
#2131 = GEOMETRIC_CURVE_SET('',(#2132));
#2132 = LINE('',#2133,#2134);
#2133 = CARTESIAN_POINT('',(0.,0.,0.));
#2134 = VECTOR('',#2135,1.);
#2135 = DIRECTION('',(1.,0.,0.));
#2136 = ( GEOMETRIC_REPRESENTATION_CONTEXT(3) 
GLOBAL_UNCERTAINTY_ASSIGNED_CONTEXT((#2140)) 
GLOBAL_UNIT_ASSIGNED_CONTEXT((#2137,#2138,#2139)) REPRESENTATION_CONTEXT
('Context #1','3D Context with UNIT and UNCERTAINTY') );
#2137 = ( LENGTH_UNIT() NAMED_UNIT(*) SI_UNIT(.MILLI.,.METRE.) );
#2138 = ( NAMED_UNIT(*) PLANE_ANGLE_UNIT() SI_UNIT($,.RADIAN.) );
#2139 = ( NAMED_UNIT(*) SI_UNIT($,.STERADIAN.) SOLID_ANGLE_UNIT() );
#2140 = UNCERTAINTY_MEASURE_WITH_UNIT(LENGTH_MEASURE(1.E-07),#2137,
  'distance_accuracy_value','confusion accuracy');
#2141 = CONTEXT_DEPENDENT_SHAPE_REPRESENTATION(#2142,#2144);
#2142 = ( REPRESENTATION_RELATIONSHIP('','',#2130,#10) 
REPRESENTATION_RELATIONSHIP_WITH_TRANSFORMATION(#2143) 
SHAPE_REPRESENTATION_RELATIONSHIP() );
#2143 = ITEM_DEFINED_TRANSFORMATION('','',#11,#71);
#2144 = PRODUCT_DEFINITION_SHAPE('Placement','Placement of an item',
  #2145);
#2145 = NEXT_ASSEMBLY_USAGE_OCCURRENCE('69329','X-axis','',#5,#2125,$);
#2146 = PRODUCT_RELATED_PRODUCT_CATEGORY('part',$,(#2127));
#2147 = CONTEXT_DEPENDENT_SHAPE_REPRESENTATION(#2148,#2150);
#2148 = ( REPRESENTATION_RELATIONSHIP('','',#2130,#10) 
REPRESENTATION_RELATIONSHIP_WITH_TRANSFORMATION(#2149) 
SHAPE_REPRESENTATION_RELATIONSHIP() );
#2149 = ITEM_DEFINED_TRANSFORMATION('','',#11,#75);
#2150 = PRODUCT_DEFINITION_SHAPE('Placement','Placement of an item',
  #2151);
#2151 = NEXT_ASSEMBLY_USAGE_OCCURRENCE('69330','X-axis001','',#5,#2125,$
  );
#2152 = CONTEXT_DEPENDENT_SHAPE_REPRESENTATION(#2153,#2155);
#2153 = ( REPRESENTATION_RELATIONSHIP('','',#2130,#10) 
REPRESENTATION_RELATIONSHIP_WITH_TRANSFORMATION(#2154) 
SHAPE_REPRESENTATION_RELATIONSHIP() );
#2154 = ITEM_DEFINED_TRANSFORMATION('','',#11,#79);
#2155 = PRODUCT_DEFINITION_SHAPE('Placement','Placement of an item',
  #2156);
#2156 = NEXT_ASSEMBLY_USAGE_OCCURRENCE('69331','X-axis002','',#5,#2125,$
  );
#2157 = CONTEXT_DEPENDENT_SHAPE_REPRESENTATION(#2158,#2160);
#2158 = ( REPRESENTATION_RELATIONSHIP('','',#2130,#10) 
REPRESENTATION_RELATIONSHIP_WITH_TRANSFORMATION(#2159) 
SHAPE_REPRESENTATION_RELATIONSHIP() );
#2159 = ITEM_DEFINED_TRANSFORMATION('','',#11,#83);
#2160 = PRODUCT_DEFINITION_SHAPE('Placement','Placement of an item',
  #2161);
#2161 = NEXT_ASSEMBLY_USAGE_OCCURRENCE('69332','X-axis003','',#5,#2125,$
  );
#2162 = CONTEXT_DEPENDENT_SHAPE_REPRESENTATION(#2163,#2165);
#2163 = ( REPRESENTATION_RELATIONSHIP('','',#2076,#10) 
REPRESENTATION_RELATIONSHIP_WITH_TRANSFORMATION(#2164) 
SHAPE_REPRESENTATION_RELATIONSHIP() );
#2164 = ITEM_DEFINED_TRANSFORMATION('','',#11,#87);
#2165 = PRODUCT_DEFINITION_SHAPE('Placement','Placement of an item',
  #2166);
#2166 = NEXT_ASSEMBLY_USAGE_OCCURRENCE('69333','YZ-plane','',#5,#2071,$
  );
#2167 = CONTEXT_DEPENDENT_SHAPE_REPRESENTATION(#2168,#2170);
#2168 = ( REPRESENTATION_RELATIONSHIP('','',#2076,#10) 
REPRESENTATION_RELATIONSHIP_WITH_TRANSFORMATION(#2169) 
SHAPE_REPRESENTATION_RELATIONSHIP() );
#2169 = ITEM_DEFINED_TRANSFORMATION('','',#11,#91);
#2170 = PRODUCT_DEFINITION_SHAPE('Placement','Placement of an item',
  #2171);
#2171 = NEXT_ASSEMBLY_USAGE_OCCURRENCE('69334','YZ-plane001','',#5,#2071
  ,$);
#2172 = CONTEXT_DEPENDENT_SHAPE_REPRESENTATION(#2173,#2175);
#2173 = ( REPRESENTATION_RELATIONSHIP('','',#2076,#10) 
REPRESENTATION_RELATIONSHIP_WITH_TRANSFORMATION(#2174) 
SHAPE_REPRESENTATION_RELATIONSHIP() );
#2174 = ITEM_DEFINED_TRANSFORMATION('','',#11,#95);
#2175 = PRODUCT_DEFINITION_SHAPE('Placement','Placement of an item',
  #2176);
#2176 = NEXT_ASSEMBLY_USAGE_OCCURRENCE('69335','YZ-plane002','',#5,#2071
  ,$);
#2177 = CONTEXT_DEPENDENT_SHAPE_REPRESENTATION(#2178,#2180);
#2178 = ( REPRESENTATION_RELATIONSHIP('','',#2076,#10) 
REPRESENTATION_RELATIONSHIP_WITH_TRANSFORMATION(#2179) 
SHAPE_REPRESENTATION_RELATIONSHIP() );
#2179 = ITEM_DEFINED_TRANSFORMATION('','',#11,#99);
#2180 = PRODUCT_DEFINITION_SHAPE('Placement','Placement of an item',
  #2181);
#2181 = NEXT_ASSEMBLY_USAGE_OCCURRENCE('69336','YZ-plane003','',#5,#2071
  ,$);
#2182 = CONTEXT_DEPENDENT_SHAPE_REPRESENTATION(#2183,#2185);
#2183 = ( REPRESENTATION_RELATIONSHIP('','',#2130,#10) 
REPRESENTATION_RELATIONSHIP_WITH_TRANSFORMATION(#2184) 
SHAPE_REPRESENTATION_RELATIONSHIP() );
#2184 = ITEM_DEFINED_TRANSFORMATION('','',#11,#103);
#2185 = PRODUCT_DEFINITION_SHAPE('Placement','Placement of an item',
  #2186);
#2186 = NEXT_ASSEMBLY_USAGE_OCCURRENCE('69337','Y-axis','',#5,#2125,$);
#2187 = CONTEXT_DEPENDENT_SHAPE_REPRESENTATION(#2188,#2190);
#2188 = ( REPRESENTATION_RELATIONSHIP('','',#2130,#10) 
REPRESENTATION_RELATIONSHIP_WITH_TRANSFORMATION(#2189) 
SHAPE_REPRESENTATION_RELATIONSHIP() );
#2189 = ITEM_DEFINED_TRANSFORMATION('','',#11,#107);
#2190 = PRODUCT_DEFINITION_SHAPE('Placement','Placement of an item',
  #2191);
#2191 = NEXT_ASSEMBLY_USAGE_OCCURRENCE('69338','Y-axis001','',#5,#2125,$
  );
#2192 = CONTEXT_DEPENDENT_SHAPE_REPRESENTATION(#2193,#2195);
#2193 = ( REPRESENTATION_RELATIONSHIP('','',#2130,#10) 
REPRESENTATION_RELATIONSHIP_WITH_TRANSFORMATION(#2194) 
SHAPE_REPRESENTATION_RELATIONSHIP() );
#2194 = ITEM_DEFINED_TRANSFORMATION('','',#11,#111);
#2195 = PRODUCT_DEFINITION_SHAPE('Placement','Placement of an item',
  #2196);
#2196 = NEXT_ASSEMBLY_USAGE_OCCURRENCE('69339','Y-axis002','',#5,#2125,$
  );
#2197 = CONTEXT_DEPENDENT_SHAPE_REPRESENTATION(#2198,#2200);
#2198 = ( REPRESENTATION_RELATIONSHIP('','',#2130,#10) 
REPRESENTATION_RELATIONSHIP_WITH_TRANSFORMATION(#2199) 
SHAPE_REPRESENTATION_RELATIONSHIP() );
#2199 = ITEM_DEFINED_TRANSFORMATION('','',#11,#115);
#2200 = PRODUCT_DEFINITION_SHAPE('Placement','Placement of an item',
  #2201);
#2201 = NEXT_ASSEMBLY_USAGE_OCCURRENCE('69340','Y-axis003','',#5,#2125,$
  );
#2202 = CONTEXT_DEPENDENT_SHAPE_REPRESENTATION(#2203,#2205);
#2203 = ( REPRESENTATION_RELATIONSHIP('','',#2130,#10) 
REPRESENTATION_RELATIONSHIP_WITH_TRANSFORMATION(#2204) 
SHAPE_REPRESENTATION_RELATIONSHIP() );
#2204 = ITEM_DEFINED_TRANSFORMATION('','',#11,#119);
#2205 = PRODUCT_DEFINITION_SHAPE('Placement','Placement of an item',
  #2206);
#2206 = NEXT_ASSEMBLY_USAGE_OCCURRENCE('69341','Z-axis','',#5,#2125,$);
#2207 = CONTEXT_DEPENDENT_SHAPE_REPRESENTATION(#2208,#2210);
#2208 = ( REPRESENTATION_RELATIONSHIP('','',#2130,#10) 
REPRESENTATION_RELATIONSHIP_WITH_TRANSFORMATION(#2209) 
SHAPE_REPRESENTATION_RELATIONSHIP() );
#2209 = ITEM_DEFINED_TRANSFORMATION('','',#11,#123);
#2210 = PRODUCT_DEFINITION_SHAPE('Placement','Placement of an item',
  #2211);
#2211 = NEXT_ASSEMBLY_USAGE_OCCURRENCE('69342','Z-axis001','',#5,#2125,$
  );
#2212 = CONTEXT_DEPENDENT_SHAPE_REPRESENTATION(#2213,#2215);
#2213 = ( REPRESENTATION_RELATIONSHIP('','',#2130,#10) 
REPRESENTATION_RELATIONSHIP_WITH_TRANSFORMATION(#2214) 
SHAPE_REPRESENTATION_RELATIONSHIP() );
#2214 = ITEM_DEFINED_TRANSFORMATION('','',#11,#127);
#2215 = PRODUCT_DEFINITION_SHAPE('Placement','Placement of an item',
  #2216);
#2216 = NEXT_ASSEMBLY_USAGE_OCCURRENCE('69343','Z-axis002','',#5,#2125,$
  );
#2217 = CONTEXT_DEPENDENT_SHAPE_REPRESENTATION(#2218,#2220);
#2218 = ( REPRESENTATION_RELATIONSHIP('','',#2130,#10) 
REPRESENTATION_RELATIONSHIP_WITH_TRANSFORMATION(#2219) 
SHAPE_REPRESENTATION_RELATIONSHIP() );
#2219 = ITEM_DEFINED_TRANSFORMATION('','',#11,#131);
#2220 = PRODUCT_DEFINITION_SHAPE('Placement','Placement of an item',
  #2221);
#2221 = NEXT_ASSEMBLY_USAGE_OCCURRENCE('69344','Z-axis003','',#5,#2125,$
  );
#2222 = MECHANICAL_DESIGN_GEOMETRIC_PRESENTATION_REPRESENTATION('',(
    #2223),#1648);
#2223 = STYLED_ITEM('color',(#2224),#1261);
#2224 = PRESENTATION_STYLE_ASSIGNMENT((#2225,#2231));
#2225 = SURFACE_STYLE_USAGE(.BOTH.,#2226);
#2226 = SURFACE_SIDE_STYLE('',(#2227));
#2227 = SURFACE_STYLE_FILL_AREA(#2228);
#2228 = FILL_AREA_STYLE('',(#2229));
#2229 = FILL_AREA_STYLE_COLOUR('',#2230);
#2230 = COLOUR_RGB('',0.250980406631,0.250980406631,0.250980406631);
#2231 = CURVE_STYLE('',#2232,POSITIVE_LENGTH_MEASURE(0.1),#2233);
#2232 = DRAUGHTING_PRE_DEFINED_CURVE_FONT('continuous');
#2233 = COLOUR_RGB('',9.803921802644E-02,9.803921802644E-02,
  9.803921802644E-02);
#2234 = MECHANICAL_DESIGN_GEOMETRIC_PRESENTATION_REPRESENTATION('',(
    #2235),#1817);
#2235 = STYLED_ITEM('color',(#2236),#1667);
#2236 = PRESENTATION_STYLE_ASSIGNMENT((#2237,#2243));
#2237 = SURFACE_STYLE_USAGE(.BOTH.,#2238);
#2238 = SURFACE_SIDE_STYLE('',(#2239));
#2239 = SURFACE_STYLE_FILL_AREA(#2240);
#2240 = FILL_AREA_STYLE('',(#2241));
#2241 = FILL_AREA_STYLE_COLOUR('',#2242);
#2242 = COLOUR_RGB('',0.796078452645,0.823529417451,0.937254901616);
#2243 = CURVE_STYLE('',#2244,POSITIVE_LENGTH_MEASURE(0.1),#2233);
#2244 = DRAUGHTING_PRE_DEFINED_CURVE_FONT('continuous');
#2245 = MECHANICAL_DESIGN_GEOMETRIC_PRESENTATION_REPRESENTATION('',(
    #2246),#1152);
#2246 = STYLED_ITEM('color',(#2247),#800);
#2247 = PRESENTATION_STYLE_ASSIGNMENT((#2248,#2254));
#2248 = SURFACE_STYLE_USAGE(.BOTH.,#2249);
#2249 = SURFACE_SIDE_STYLE('',(#2250));
#2250 = SURFACE_STYLE_FILL_AREA(#2251);
#2251 = FILL_AREA_STYLE('',(#2252));
#2252 = FILL_AREA_STYLE_COLOUR('',#2253);
#2253 = COLOUR_RGB('',0.800000010877,0.800000010877,0.800000010877);
#2254 = CURVE_STYLE('',#2255,POSITIVE_LENGTH_MEASURE(0.1),#2233);
#2255 = DRAUGHTING_PRE_DEFINED_CURVE_FONT('continuous');
#2256 = MECHANICAL_DESIGN_GEOMETRIC_PRESENTATION_REPRESENTATION('',(
    #2257),#596);
#2257 = STYLED_ITEM('color',(#2258),#244);
#2258 = PRESENTATION_STYLE_ASSIGNMENT((#2259,#2264));
#2259 = SURFACE_STYLE_USAGE(.BOTH.,#2260);
#2260 = SURFACE_SIDE_STYLE('',(#2261));
#2261 = SURFACE_STYLE_FILL_AREA(#2262);
#2262 = FILL_AREA_STYLE('',(#2263));
#2263 = FILL_AREA_STYLE_COLOUR('',#2253);
#2264 = CURVE_STYLE('',#2265,POSITIVE_LENGTH_MEASURE(0.1),#2233);
#2265 = DRAUGHTING_PRE_DEFINED_CURVE_FONT('continuous');
#2266 = MECHANICAL_DESIGN_GEOMETRIC_PRESENTATION_REPRESENTATION('',(
    #2267),#2058);
#2267 = STYLED_ITEM('color',(#2268),#1908);
#2268 = PRESENTATION_STYLE_ASSIGNMENT((#2269,#2274));
#2269 = SURFACE_STYLE_USAGE(.BOTH.,#2270);
#2270 = SURFACE_SIDE_STYLE('',(#2271));
#2271 = SURFACE_STYLE_FILL_AREA(#2272);
#2272 = FILL_AREA_STYLE('',(#2273));
#2273 = FILL_AREA_STYLE_COLOUR('',#2242);
#2274 = CURVE_STYLE('',#2275,POSITIVE_LENGTH_MEASURE(0.1),#2233);
#2275 = DRAUGHTING_PRE_DEFINED_CURVE_FONT('continuous');
#2276 = MECHANICAL_DESIGN_GEOMETRIC_PRESENTATION_REPRESENTATION('',(
    #2277),#1889);
#2277 = STYLED_ITEM('color',(#2278),#1836);
#2278 = PRESENTATION_STYLE_ASSIGNMENT((#2279,#2285));
#2279 = SURFACE_STYLE_USAGE(.BOTH.,#2280);
#2280 = SURFACE_SIDE_STYLE('',(#2281));
#2281 = SURFACE_STYLE_FILL_AREA(#2282);
#2282 = FILL_AREA_STYLE('',(#2283));
#2283 = FILL_AREA_STYLE_COLOUR('',#2284);
#2284 = DRAUGHTING_PRE_DEFINED_COLOUR('white');
#2285 = CURVE_STYLE('',#2286,POSITIVE_LENGTH_MEASURE(0.1),#2284);
#2286 = DRAUGHTING_PRE_DEFINED_CURVE_FONT('continuous');
ENDSEC;
END-ISO-10303-21;
